ID,Norm,46718,Expo,Random_float,random_discrete,categorical,32134
0,0.20562981469348762,-0.6116996611329786,0.3968529614114208,2.135673003361923,33.0,b,y
1,-1.034136999056765,-2.9361620300991564,6.596921718596537,0.10672287848834117,3.0,d,w
2,-0.8893519930792078,-0.8854908865878482,,7.765574717852201,37.0,b,w
3,1.3782840936226737,0.16188818624025636,0.014579825653922136,8.216493338800724,6.0,c,w
4,-0.3627565327995561,0.6886080536900302,0.04732251709299887,,47.0,a,w
5,-0.5515608089240098,-0.07929665752844665,8.27199263977952,6.109075221583965,6.0,d,w
6,-1.3438716055592754,-0.47898604707561543,1.5014712890908979,3.7820678387307796,49.0,b,v
7,0.8506776374742393,2.293211005699324,5.05484348909982,7.938956551945168,25.0,c,w
8,-1.0559258135108434,-0.37248612150535443,3.0276454528041734,8.744145541964786,25.0,b,w
9,-0.0152926609614581,0.6122326867911058,9.954590408119268,8.51003766797249,18.0,a,y
10,-1.7081850693165905,-1.335052095426896,12.442231320338985,7.772042473508521,8.0,d,w
11,0.8181728003641165,-1.090167849208967,28.735087952775768,2.6905222874216292,19.0,c,z
12,1.1768562436185808,0.6473256114622247,0.8343131356408346,8.118896435683167,41.0,b,v
13,0.4845203454780153,1.0445612757853708,9.937559765491686,5.334784759062927,44.0,c,v
14,-1.5344801314052967,-0.3897168901934041,1.5463768720022188,0.5275661483209082,49.0,b,v
15,0.8387621439092308,-1.8486356916305207,,4.569388498982489,15.0,b,z
16,,-0.1675573394012255,3.5238000851292686,9.421579170299934,16.0,a,w
17,-1.1709718787216123,0.18940590077956157,0.09075942362770326,8.878593497355528,21.0,a,v
18,-0.38346104575765333,0.09881803892882439,13.498273702025383,1.0226428099711604,12.0,,z
19,-0.4033676733464894,-0.5633896649610052,0.40782420972005856,7.441266857143702,11.0,d,y
20,,-0.15288411926093826,5.82727001111487,8.057928659582348,9.0,c,w
21,1.273674247904694,-0.7497768442841058,7.68574523838743,2.713881882367648,0.0,c,z
22,2.0118259964426266,-1.11183822373686,7.930752141352411,4.716085707410923,31.0,a,w
23,-1.3691365373494646,0.755668520646805,0.7279881685780552,7.109879414636829,29.0,d,y
24,-0.6888323943245903,0.09779831340271064,,4.390414888211479,7.0,b,z
25,0.14274833604495665,-0.1506835586223298,8.843014435247351,1.1279691886657695,20.0,a,w
26,-0.3887164909372275,-0.5071477427721613,1.8025486537103514,7.058824446817216,21.0,b,z
27,0.3993987492785162,-0.18017355653507985,3.1531974324195557,9.116386897353035,17.0,b,v
28,0.915985355945795,0.16031642878699645,1.5927266888829217,6.524847284061575,1.0,a,w
29,0.7493659422700412,1.7286815758143066,3.1139228049615184,7.738007485690339,47.0,,z
30,0.609733567849832,0.654536849827144,10.939051670246338,3.5836253565782847,43.0,c,v
31,1.6590955209197231,-0.6663091219490861,3.0359872857592145,1.8319824512663485,8.0,a,y
32,-1.5889472829161095,-0.6557637427056909,4.058662882192195,6.4277366161829255,2.0,d,w
33,1.4801087919546154,-0.8116811003245956,2.5873740979644033,3.277712058412189,25.0,,w
34,-0.4129916340897437,-0.20052053125297437,3.0820158445254773,8.600735189897929,20.0,,y
35,0.7851252206756268,-0.8124514502408846,0.07645252636977175,1.2262804997800658,29.0,c,v
36,-1.0296662282794435,,1.6685987107835971,4.334636997331237,27.0,c,
37,-0.9084963918932777,-2.643516255798053,2.868664906466778,3.9672760046838587,35.0,b,w
38,0.6621172914820275,0.5351683092747441,5.022836944866671,9.380538535539296,25.0,a,z
39,-1.9287300227498456,0.2753774878054306,2.9896571220114376,1.5313480060440388,33.0,c,
40,0.9894420782883125,1.2627424831476395,2.061066958116425,0.09846825012010951,7.0,a,v
41,1.259963502341588,0.876789554553953,2.4559217087347744,2.380852128071176,9.0,c,v
42,0.17778485382896012,-0.6836977852540534,,8.202768597686545,47.0,b,y
43,0.1417610355785572,0.7642980809385072,12.91773450373579,2.0932181604701707,42.0,b,y
44,-0.8336361449084521,-0.1680674772143007,,2.408780637054827,49.0,a,z
45,0.6744494024036684,-1.93430675744427,0.06750086251506127,,13.0,d,z
46,0.34766524640742597,0.15883193972889184,0.09818912232424952,7.1543620327654045,39.0,d,v
47,-0.921505396023823,-0.6242534205706949,18.052492469190643,,14.0,b,z
48,-0.391479950088192,0.0002215163969999024,1.2516160430496859,3.312083023285216,16.0,c,y
49,-0.15933542469580347,1.6514498302752436,8.189400128992691,2.8249872662096456,17.0,d,z
50,-0.392802196519187,0.22478690273215843,0.3002114965360663,5.551597297901548,31.0,b,y
51,-1.362911413349975,-1.0173348511899962,12.701847546530214,7.304162650197355,37.0,c,z
52,0.6990203085838954,0.9644150056162036,10.373942068122213,5.328764346967474,22.0,c,w
53,-0.24351045590189468,0.36254257013643854,4.232577727445925,9.310259929750677,45.0,d,y
54,0.01536477589330941,-1.1351618290319083,0.045196948710621215,9.51442638887332,22.0,b,
55,-0.5782665873974266,-1.606237767474656,1.490755907659339,3.6146532849851543,34.0,c,y
56,0.4752714739719898,-0.9773375592187207,2.611309238996353,7.776803762748927,38.0,c,z
57,0.19869618438140332,0.8363018006717221,3.0815244059552427,,14.0,a,w
58,,-0.30160213364304606,1.7668218537091551,8.929645917048273,23.0,a,z
59,0.4805987129389843,0.08114251895541082,0.16751437085368653,4.479436402077033,27.0,d,y
60,-0.20268440183711084,-1.3385296707761687,4.459544568688373,5.304731871977922,15.0,a,w
61,-0.7397168175025604,,3.7133120484222037,4.15774313581574,15.0,b,v
62,0.865952683916645,-2.015183664357737,1.6634016230796635,8.503769192997057,39.0,d,z
63,-0.2825760987864578,-0.6553775160676849,0.19357923446046593,2.2970231536213435,38.0,d,y
64,,,26.101402319884862,2.397090782424447,5.0,a,w
65,-0.1719716062926747,-1.1226314450393453,3.288766853599526,3.726051035770798,1.0,c,z
66,-0.40160771065712936,0.6141292794504429,7.053022190800162,2.303428321023512,12.0,b,w
67,-0.1545389942298694,-0.8691939785516023,3.010266064784342,5.610068364149208,43.0,b,z
68,1.9262075627325776,-1.226070592816307,0.2206492287416308,1.344901064955023,46.0,b,
69,-1.0478220541276921,,1.852426092109656,3.2018621940405536,8.0,d,z
70,-0.8145042107616101,0.15393019309900502,1.9291223299918916,9.1344469847559,33.0,b,w
71,1.3843244181542498,0.5190360780496264,9.111698700069619,4.092254801917959,16.0,c,w
72,,1.0182095845526968,5.309907006099261,7.4823371649350925,26.0,c,z
73,-0.45062128407489505,-2.61929894950093,1.610883852706125,1.1346219170657401,28.0,a,v
74,1.0348638567734338,0.6347826399703193,17.169629004010286,2.475645081417847,36.0,b,v
75,-1.4201956172817511,-0.7610251844943472,1.9396622792103226,8.073456212003686,42.0,d,v
76,0.8214544292534056,-0.6292727907739142,31.695264012283893,7.629929362896942,21.0,a,y
77,0.04561642932154383,0.43744107766558654,27.81622569131376,3.8615591859382112,23.0,c,v
78,0.46480213083197736,,1.0610830774917008,9.543969020334742,6.0,b,w
79,0.44603095525212577,0.5945210754565203,1.8752211270598171,9.106430158345454,33.0,c,v
80,-0.6279825864826378,,3.3280900324700817,,47.0,a,w
81,1.0511837801499064,0.168209014684057,5.454718902122538,4.279146901877854,11.0,c,y
82,-0.5501377114780691,-0.49022159201528936,3.754384130001184,1.9747358368568302,22.0,b,w
83,0.40884901899874165,-1.0649332891581382,17.44055694769449,,14.0,b,w
84,1.2377244855291363,-0.740317570747505,6.436575770100154,6.847731582791985,32.0,a,w
85,1.3789016998464694,-0.10282413047994443,1.1915705310231581,1.2544178445052,12.0,b,v
86,-0.2671263359406924,1.8372383927745388,0.5552028064987014,7.86483034295906,22.0,c,z
87,0.46313527424101053,1.4719063991135422,5.830195535967995,0.18060219759960527,37.0,c,w
88,-0.35948879020361957,-0.6532959778593946,0.8625637452038154,4.827283874767834,31.0,d,v
89,2.503796227268774,0.060257677332475244,7.748229134475758,3.310162594948949,,d,v
90,0.7801260058738185,-0.2877229739460477,1.8628361373464,7.40303059899084,49.0,d,v
91,0.08405843583693569,0.13026661886902416,1.9792568159209507,3.1276072742181595,34.0,c,z
92,0.31256217345774256,0.258912747542776,0.05428559086978131,8.268071127810328,0.0,c,z
93,0.4071054154460675,0.5275150157556011,6.036746944467834,,46.0,a,z
94,0.4367435407834821,-2.9011387818174086,0.6010723068771389,7.93893361762072,44.0,d,z
95,-0.23999821764655704,0.36649866588694,7.411396546843628,9.893406378396238,4.0,c,y
96,-0.3943272992351749,-0.398921029216647,3.385068360858192,6.791583457435568,12.0,,z
97,-0.1518533617264932,-0.7049379142316038,7.668865753548506,9.849503163616442,4.0,c,z
98,-1.1396917050472075,0.7942566781620701,4.384467229219069,0.28836326921705346,31.0,a,z
99,0.7182744069744601,1.4668244164047686,0.4301498682663551,3.3813998848380846,,d,w
100,-0.8017050426489727,0.6890031440414071,,1.0785326456230915,23.0,d,w
101,-1.0599500789847167,-0.5185516072110946,0.361775542173841,2.6230493138443958,17.0,d,z
102,-0.014354466564148767,-1.0760056501389106,3.257164438746807,8.388878991257744,20.0,c,y
103,-0.13012262968988672,-3.0062444281096803,0.9458198488738402,0.3232326532609031,9.0,c,w
104,0.2496344757889885,0.18251599658135578,6.978394855269865,5.201829357323938,23.0,a,v
105,-0.5682053693964096,0.5790161077944365,12.128920406497175,,39.0,b,w
106,-0.3925425582309735,-0.10186351009803027,4.0385962223218765,5.611511466719561,46.0,b,v
107,0.6921195050884907,,3.7448567171232403,4.752970738232557,20.0,d,w
108,0.6312172004951938,-1.3201902358324924,7.218837691711557,7.906029647697554,24.0,b,z
109,0.5895250461766781,-0.1712389564550487,0.025458769907879014,1.3354308950555116,22.0,d,w
110,0.03396761235148234,,12.490484862444152,3.105770155507873,21.0,a,z
111,,-0.11010868425606624,1.0997982334304415,6.157260534451727,,b,z
112,,1.1679316629539074,20.71312268806455,6.909513662679558,33.0,b,w
113,-0.6560417398089765,-0.10484222409876263,6.663842814371819,4.041484317770562,5.0,d,v
114,1.474046600146101,-0.29479245077252947,7.441660853216762,8.75371263327233,27.0,a,v
115,1.3315880324876994,-0.9366934798105313,5.338519274938973,4.154933966959144,30.0,b,w
116,0.7942455910009673,1.3285794714214596,,4.0277613434833315,34.0,b,z
117,-0.4258615864015977,-1.4311962225786272,4.238812930991185,0.36207261487384956,38.0,b,v
118,0.5391441179501503,-0.5529994328474125,0.23757004558833777,5.511413361947338,41.0,a,y
119,0.9783699377697719,1.6939370670974931,4.890292268546657,7.086808385119051,22.0,a,z
120,-1.2231969017211433,0.46824329807153453,,1.144381635168481,5.0,b,w
121,1.6945117616984973,-0.020176651701270153,11.091256368239506,3.0543276608787084,15.0,d,z
122,-1.739387611155795,0.021692055526284188,3.5226218545108305,7.812569537828522,1.0,d,y
123,0.7046058197090753,-0.9463779873578178,0.4014123750432975,3.659194354135754,23.0,b,y
124,1.4532823062524691,-0.06852724485752469,1.8278283225068324,2.416024620400399,16.0,a,v
125,-0.11306346402703085,-0.34986583899579315,5.330184555521166,6.722006635651122,44.0,b,y
126,-0.1504643998230734,0.179628599455004,1.3673107014563701,1.9675877767165562,0.0,a,z
127,0.6676607926469234,-1.5062413856263086,1.6461871086059354,8.956529195831768,5.0,b,v
128,1.851881891933872,0.3978520077693193,8.587037375731446,1.0559839602614096,,a,
129,-0.28106763794136613,1.0166296748863088,4.389194501012738,7.065498022828269,44.0,c,v
130,-0.7809551918659448,-0.2038231251205735,3.551745766548505,4.995487012863752,49.0,d,v
131,-0.4237754556079923,0.6470983933058072,1.916942743765184,8.699295623969936,28.0,c,w
132,-1.5525139922862203,0.31034627484457733,6.563882053730286,1.261950910262366,11.0,d,v
133,0.8977578987151557,-0.6077401401660559,1.6964099428290849,6.7789491849608785,38.0,a,v
134,-0.5140830527138596,-1.0585256864571149,6.679213939640601,5.720546391813814,46.0,c,y
135,-0.20833915406555548,-0.9183884887206587,0.3633990867792067,4.8009014224004645,2.0,d,z
136,0.9096211314190062,0.29289256915471507,9.995443945714351,4.914072634326684,47.0,,z
137,-0.3769103244098489,-0.05614513198520448,3.461402415013339,7.219769617985308,0.0,a,y
138,0.759090395388397,1.2750930218816978,2.885788910983458,9.37741654934822,26.0,a,z
139,-1.0380885038162868,0.7908701122038941,4.721180605436087,0.9125165911904809,47.0,b,v
140,0.9587194283239979,0.7887849831273013,,0.1950264761052023,23.0,b,w
141,0.3419050212654704,0.26308080171222237,0.7080204575698252,8.057047924812036,43.0,d,v
142,-0.08857903081966823,-0.9621989493216646,7.057724237697039,1.0816938755075933,18.0,a,v
143,0.13089348794379568,0.32533929597499167,1.6143242775979179,9.866967960804239,7.0,d,w
144,,0.06385316502822268,11.767386032480418,6.193482489588372,,b,y
145,,-1.1383813885557479,8.514641988344398,6.508663952541407,46.0,a,v
146,-0.14166978535660385,1.2099492585587117,2.1252740081225787,1.988917029380174,1.0,b,v
147,-1.2594326104375635,1.1022893749291518,8.244514900416126,,29.0,d,y
148,-0.6710754269065439,-1.1441491444170604,2.2033155108206883,6.593503030992501,29.0,d,
149,-0.12924525795251812,-0.6377949051165285,0.5320702501295915,9.097268379341969,48.0,d,v
150,-0.6072921849478414,-0.5499502194404766,,,38.0,a,z
151,-2.412113905050417,0.6098515437996151,5.286421130211947,1.9803094663109366,44.0,b,y
152,1.076387539608866,0.4947251804539964,3.044945011440477,1.3411962270979016,31.0,b,v
153,-0.14208987508966542,0.04440721278635651,2.5356070602773366,0.5640135776079047,0.0,d,v
154,-2.273950209236545,0.27385728039912516,1.963030707633329,8.682970181613278,37.0,d,w
155,2.134962939679395,-1.2876321964455335,19.93577935933722,2.947148468564688,12.0,d,w
156,1.241392331313189,0.3813612813584527,0.7236681784341369,0.018120338692516613,10.0,d,w
157,-0.34898205106833524,-0.10088537554607048,1.8902594784463524,2.238180860564288,9.0,c,v
158,-0.842497491366701,-0.6790431825585895,3.322775686451484,3.4044108009941842,47.0,c,v
159,0.40319121076052195,-1.532506273930319,3.250434097782067,9.909861694966853,25.0,c,w
160,0.20232681488414128,0.02696115618635197,3.1872993718607,5.235415938570816,19.0,d,z
161,0.5420899248003734,0.3569598962178099,0.9666121202686684,2.0471394759510133,16.0,d,z
162,-0.8396202732550483,-1.7024818017065875,0.7828744874882548,3.3481834471345104,16.0,b,z
163,1.097772020971633,0.018486070656429827,1.470295722969318,3.3030768755687845,3.0,a,z
164,-0.47346212317554937,0.12223975184849553,12.297724211278801,0.19725746463175486,4.0,b,y
165,0.680765748655567,-0.5542295431476606,0.5998500708265928,1.3518305417143006,22.0,c,w
166,-0.7969392604570241,0.37983820239517424,7.082223821104088,6.951964597032112,45.0,b,v
167,2.6481439857534865,-0.13266241627731973,7.084765739160398,1.2025098657073463,9.0,d,w
168,0.6955233489652584,0.28317100533636375,8.297617679046052,2.307342766061188,45.0,c,
169,2.8842322765736466,0.5342469328750559,10.884852421125439,3.507372984043088,27.0,c,v
170,0.8276019763260464,0.5348069061505235,,7.5773494450229375,32.0,,y
171,-0.561464356868684,1.016820493446502,1.2716199218613433,5.824009648679398,42.0,a,w
172,,0.33832518878458007,3.1321707506068592,6.889999849885683,,c,v
173,0.9005778181932164,-0.47704074077682074,1.5400305257945448,5.670123254201722,49.0,c,v
174,0.3733241444977625,-0.647790044753197,6.627125109457457,,47.0,,z
175,0.6303924720320564,-1.0633087528686225,5.0521771357921965,0.028421536639724465,28.0,c,z
176,0.7617271294076756,0.15117964311290605,,9.308981443714295,26.0,d,w
177,-0.9936810107657416,1.3213117146525233,0.43181232055245933,1.1092023087480651,17.0,b,y
178,-1.0648584047299523,-0.35845260598715023,12.330424479193871,4.062490959769049,39.0,d,v
179,-0.7942169986144335,0.4496082477099598,1.736089208663236,7.7103837024485475,9.0,d,z
180,0.12754239437051024,-0.7522800045151605,3.3735347174897834,4.35230718009424,,d,w
181,-0.22317117147342025,0.1948049151606344,2.8867099282831976,9.468425516675158,4.0,c,z
182,-0.9755705659229487,,7.1420787287518746,4.6758894849876675,9.0,a,w
183,0.7753142105196469,0.6862479733319425,2.7265100603140024,8.749394056026713,49.0,a,z
184,0.28304482013647975,-1.5708120331391568,14.372278572318297,8.10828113362271,20.0,d,y
185,0.16892899137085413,0.5706948160355445,11.641252378086014,9.809863027986832,23.0,c,v
186,-0.25798930517393553,0.616225778793552,10.284924040151617,9.265477807509754,37.0,b,z
187,-0.378228102365573,0.17348697322708878,0.36962327443109877,8.981238347128787,2.0,d,v
188,-0.8413311618089765,0.6675221127023412,9.6295888305722,7.316043405194684,39.0,b,
189,0.9337402925373378,-0.8335020397175382,7.607946721341009,3.669981472682208,30.0,b,y
190,-0.7034928816531866,0.06326315480408605,0.5463571388293121,1.0612541856490243,40.0,c,v
191,,1.1101739409381017,0.5681638801323412,6.8864505226439,36.0,c,z
192,1.6620103962720332,1.0199494834663676,0.5332723818620022,9.786540813379649,1.0,a,v
193,-0.3322577446893506,0.5480449740059711,0.0569864816976082,7.26604437331869,1.0,a,v
194,0.9607021407191945,-0.882995223500883,,9.287293692773355,38.0,,w
195,,-1.0404637706192785,18.133147392759344,8.043047129555168,48.0,d,y
196,0.3114675632610535,0.11454367444335421,2.8873625221041377,1.6311467511667876,41.0,a,y
197,0.4303484419047528,0.18077423872584042,3.890884450521925,2.492037705912873,43.0,b,v
198,-0.0949065692709303,-0.10037177227725663,17.205379851953694,3.418656017623504,33.0,d,v
199,0.03477596879344046,-0.8047849781966527,1.4730784645206842,1.6826044433800413,41.0,b,w
200,-0.5481139482257246,0.4369610753903937,,5.8165133267300675,19.0,c,
201,0.041457121134088885,0.1101653486945414,3.95259255471141,9.754505241349513,32.0,b,w
202,-0.5852259957834971,0.28982431655047347,4.213767014870163,7.614588334361586,3.0,d,y
203,1.0056550930765973,0.5934337596241102,2.1016795917923257,4.233867490674619,44.0,c,y
204,-1.699497428678444,-0.2736497876780127,4.122939355038268,0.04504480980288661,43.0,d,
205,0.48105329112548234,-0.4887583773794366,0.3797772857088836,3.132760111381787,10.0,b,v
206,0.3365867014222797,1.1075653233086231,7.233271008019867,5.267592876922152,41.0,d,y
207,0.2460159641760336,-0.7573584865301681,1.6751806723584806,3.242508738519706,46.0,c,z
208,1.0244989488654865,-0.46917419946200767,10.928827250433113,1.1103492302385953,4.0,b,w
209,-0.28612359004294735,1.2342478154274732,2.293148350132384,4.427649568618945,24.0,b,y
210,0.2554338445720498,,0.7705607140225763,2.532528169657162,48.0,a,y
211,-1.716541888186453,-0.09861764364055987,5.951690477177638,9.092323764615015,36.0,a,y
212,-0.4153168821352231,-0.4119698691130282,0.899092328989499,1.0175452850101574,33.0,d,z
213,0.8557364311752241,-1.7832214812837974,7.005629341743596,0.4915262872471038,8.0,a,z
214,-1.3391617355364818,-0.12330765200479676,17.227664645890286,0.05314169154862047,5.0,a,z
215,0.1597433670507449,-1.010621763578548,7.560486903115454,3.2806968448565774,17.0,a,v
216,-0.6775170718837972,,0.1135253435352488,6.603868382008886,13.0,a,w
217,-0.11098697177173496,1.105638510041112,4.580026213809934,7.304137528817927,18.0,c,v
218,-0.6176774887615972,-2.214173733173655,5.94395435932641,4.532616833817231,13.0,c,z
219,-1.2471956042934305,-0.4069169840002802,8.727958726005534,6.843286504552667,39.0,a,w
220,0.3860033149598008,0.4523232329649811,0.288157793747927,3.5991403621536344,16.0,,
221,-0.049596762024746124,-2.1833489184297776,3.2706692517786298,6.67806219986617,34.0,c,v
222,,1.3362653604222314,3.8325788359691657,0.40595985302373405,28.0,a,v
223,0.7944379079988609,0.3798920368034835,0.9263787565287008,3.9075298456700414,41.0,c,z
224,1.225258737089015,1.0832128219319013,1.9463582368214531,7.908496776331791,16.0,,y
225,0.13348674544266484,-0.5639478631114292,2.901072567004654,8.030060304590013,42.0,c,w
226,1.2686210246032084,-0.44332077027619093,8.955089360130286,7.161487788756946,7.0,c,z
227,-0.9757745073909543,-0.16093635479906948,13.254161541795488,2.0423862056986444,0.0,d,w
228,0.9089598292281312,2.13820904755154,4.949993540230282,2.4720511893063324,44.0,c,z
229,,1.3181053604970665,2.5121811171897814,9.960887272645122,35.0,d,v
230,0.23309265251478709,0.13234769950874692,1.4653562923090766,1.0337800720195989,6.0,b,v
231,0.44473223416311725,0.2544017716507839,20.124610557209863,1.8066269890240938,45.0,a,y
232,-0.960738878335462,0.634903811584933,,1.300262556501326,4.0,d,y
233,-1.1967468099250227,2.391554820991459,12.949799279020342,3.2765496368361555,23.0,c,w
234,1.7098281860769984,0.3827197930570508,,2.1017583523392336,27.0,c,y
235,-0.16872217819727028,0.04595939611876998,1.9709906756005076,4.976879595477721,42.0,d,y
236,-0.1829934218067006,-0.3385983966149878,8.49135884103881,4.760207068801199,16.0,b,w
237,-1.1023094742412918,0.23491524751944107,2.6279454915344425,9.015056194513031,36.0,a,z
238,-1.481778305496837,-0.5870218183512091,1.9783642815786573,0.3473994744478148,19.0,c,y
239,-0.08831887881228208,0.4960923380768729,6.829819335776241,3.1987957666776334,2.0,b,z
240,-0.3415879215087279,-1.4325966297915411,0.4150275702081449,5.966578919970901,36.0,a,v
241,0.001734356742450919,,0.24890757427814608,6.048017618439639,25.0,a,y
242,0.08715394038217483,0.7346328547273364,2.9706167715239555,4.801262290142092,14.0,c,v
243,2.4894610812606937,0.36912365433735395,2.949694103043066,8.156655408146337,47.0,d,v
244,-0.3385799807389548,-0.46262462005165167,11.29974307528872,0.6272217141445879,7.0,c,z
245,1.5799401079434467,-0.23202451041663838,0.6742504302378161,8.154877655801359,12.0,,w
246,1.6420242150449451,1.0353346866922113,0.6578604377412255,4.947542404357036,47.0,c,y
247,0.7536242852719843,-1.2104016960234212,0.7976323537708521,1.3376069507700217,2.0,b,z
248,-0.2351263325491117,-1.2045936479113302,0.15093674434518156,8.857019135404776,0.0,d,w
249,-1.3614723361327292,,0.3721725616987973,6.492287795409634,8.0,b,v
250,0.4779438773339067,-0.010677864266643562,5.392134949897471,1.6354568682413928,30.0,c,y
251,1.0188120797009441,-1.3567380672561922,2.8245115648650074,0.3364972339902661,40.0,d,v
252,1.7476874642829845,0.9530015927659814,7.2112148383996635,1.4110964833264927,25.0,a,v
253,-0.9499579542467819,-0.9242924588558654,24.529835132554897,6.087979601803935,16.0,d,y
254,-0.24352638918526737,0.22435555774312935,5.379872554867382,1.7929623526004845,33.0,c,w
255,-0.9438645904228469,-0.579073100919403,0.25886478714329453,2.257630748750281,8.0,d,w
256,-0.6334779924369225,-0.06549708083972602,0.5522163033812841,0.2513972575631418,12.0,a,y
257,0.664387534235627,-1.6033459096587435,10.643330563168899,7.2293067223860366,4.0,a,y
258,-0.6793047693657358,1.0013162452099562,3.7485447456984735,8.103643997594371,40.0,d,z
259,-0.8242711773170095,-0.9614979983714009,8.710196099916228,7.968481767721231,12.0,a,z
260,0.7969958637222746,-1.0662167210437026,,1.2756815136428423,0.0,b,v
261,0.4507387900435469,2.3790090134020927,13.132895443466788,9.033011273887594,24.0,d,y
262,0.3500111979351746,0.5543073109576079,14.961611020912715,6.7227882947408,46.0,a,w
263,-0.6528873581990658,0.9624164082830751,4.0464480244390755,8.975286223768645,3.0,a,v
264,1.293023278214702,0.45889139636189885,2.085311776759155,4.471605045306636,35.0,d,v
265,0.014490197319791133,-0.4524805599864017,,4.369548610836977,9.0,b,v
266,2.3801901387547693,-1.3068498574550105,3.9638034983187174,7.8453651868489525,27.0,d,v
267,0.16116616947004436,-0.29882038742565875,0.33204921059297793,0.9329785547674352,5.0,a,w
268,-2.3333478418471603,-0.9781593445255623,5.146968914030653,5.208740366348858,26.0,d,
269,-2.377875534776869,-0.918115172434519,4.429835266404865,8.363842356312256,11.0,a,y
270,0.6239499418454686,-1.5831873289696967,11.306873768392851,8.301925630695713,47.0,c,z
271,1.3004941523308056,0.1144759597954961,5.294850473066522,9.56132856342369,2.0,d,w
272,-0.7838281299238495,1.573412147525846,2.1466308457150953,6.982725935305465,,d,
273,,0.5581367230264489,16.940279409227408,,32.0,a,y
274,1.6629989369941032,-0.1057903878517124,8.08784152295043,0.2028031489458082,9.0,a,y
275,0.21054676344114795,-0.04057187281015166,4.976908045657606,4.794157986271019,30.0,a,z
276,0.5394539423561315,-3.0477773123935967,1.7330941217175817,5.137038656225555,14.0,,
277,0.8945302173885168,-0.42383542189937645,2.3383541322506227,2.4026258449893145,6.0,d,z
278,1.8899948973205154,-1.426675895220339,5.542857447867432,,35.0,a,y
279,0.6821359667455813,0.13441252790227645,0.37351438325100705,5.86208166190509,13.0,,z
280,0.187931652271149,-0.25997598866823424,1.4831471826666978,7.642556740241413,47.0,b,
281,0.6723011975866489,-0.8693045412075403,6.257085707075671,9.931541035901606,13.0,d,z
282,0.5373602814492259,0.11189670448859902,3.2698103194762584,7.5830261721051855,2.0,a,w
283,0.9244101872749939,0.10327915300694296,2.574114384193469,7.93632414255581,48.0,a,y
284,-1.5700232930795366,,0.8211762570939978,6.164608782287974,45.0,b,
285,0.31585344994745507,0.6864175004467297,2.915629028306323,,49.0,d,v
286,0.46044050757973626,0.21697279003687273,7.3634453671092235,6.399563851145704,2.0,b,z
287,-0.072847167052172,-0.9475144736513923,1.5327130715380524,8.602532863997043,21.0,d,z
288,,-1.0734391191074883,0.02706583485650806,,18.0,a,w
289,,0.5988480074366075,5.520711271173473,9.29858500500561,34.0,d,v
290,0.13821713110444037,,17.990918509856918,3.814153437833565,11.0,a,w
291,0.6917210807076902,0.24936559112660756,4.667522252196536,0.7866205831425865,4.0,a,w
292,1.6062647604515532,0.9780005241715597,0.638722893891802,,9.0,c,y
293,0.1615645059418555,-1.51313877514181,1.9337056966621635,0.5922330539660747,40.0,c,y
294,-0.888463202358809,1.3970353850289938,10.11120997730428,,32.0,,z
295,0.6157788490879242,0.9693817869489962,1.3235274977730946,1.8465124589369764,12.0,a,z
296,-2.201666136798076,-2.0544402219876448,,3.4109431658740172,34.0,b,w
297,-2.29836703796268,2.353092448910977,2.5764378862403285,5.435396465750758,31.0,a,z
298,0.333012047116258,0.3213763190814564,1.164982925965944,7.11682059355086,10.0,b,w
299,-2.3449703830818662,-0.47853830042295376,8.394124671280087,2.109273361065119,47.0,d,z
300,,0.5190622236049256,6.7901144884493325,6.725224042381393,37.0,d,z
301,-0.3800985635103225,-0.9774746369387358,5.417501253844853,7.042590745024197,23.0,b,y
302,-0.7214163497458866,0.5461283531935511,1.3481407503554044,5.586223368661894,34.0,b,y
303,-0.14780650354711772,-0.7934964583353113,0.51491118955426,9.036178697987106,18.0,a,y
304,1.1128701407684969,2.0203595354706008,,1.1099481392181065,5.0,d,y
305,0.23848081136393096,,4.0335712070223515,1.7712145760241949,39.0,a,v
306,-0.8393204017794592,0.6498230520728239,1.0436460034601365,4.286648243894849,44.0,b,y
307,1.354441072784276,-0.786065099652139,0.2894523785631853,1.2671273523423887,43.0,c,v
308,-1.428857236544191,,0.42075982246608934,5.662961437240874,41.0,c,y
309,0.22188350877209947,-0.012580063502112084,24.648263496244944,3.9840046660942443,34.0,c,z
310,-1.5400859750117044,-1.4118517083219448,7.65276155612482,2.845957945359184,3.0,b,w
311,0.2523179057305393,-0.23876271988824793,12.754429503162918,1.6998981301763727,32.0,a,z
312,-0.3186274038925976,1.9311110688625377,1.0849049090377436,3.353382383482103,12.0,,z
313,1.0822379115263678,0.858977026043308,16.165956054474027,6.07959350832342,35.0,b,v
314,0.7206894711942295,-0.3789750689064935,0.7695705893113445,5.757852108894116,42.0,c,y
315,-0.5871393319916629,-1.869165761000935,,1.6362400021023382,18.0,a,w
316,-0.7789396408162412,-0.8324911782306316,8.850841752860596,1.249198107406334,42.0,d,w
317,-0.31509673303210933,-1.4064740040344614,2.1524021516262,0.2667676260887253,11.0,d,y
318,1.8755714600343396,-1.8450080064334982,2.765435397339535,0.12425593793932266,,b,v
319,1.6190684811080807,,0.6858908003068025,8.798104357196852,5.0,b,v
320,-0.9682681853686507,0.06238739638016563,0.6557960708952106,0.4508885600538992,,d,v
321,0.8002253380013482,1.7951084483439408,4.832242103616745,7.312211098732463,26.0,d,w
322,-1.7314314288972656,-0.997641898797629,5.627847485138133,8.71985096244957,40.0,c,v
323,-0.4473424610573652,-0.0022809347591302735,7.510378574243912,0.9805784856245758,24.0,d,v
324,-0.9275643528624586,-1.3941743517469143,4.067340261669392,4.363014238330177,41.0,b,w
325,1.0692794575724411,-0.5948733611662425,5.1888931577826325,9.623029831742766,2.0,a,w
326,-1.290717519788412,-0.2221099619325858,0.068047308656224,8.34138660523585,2.0,c,z
327,0.4293502354224719,-0.37465396781164767,0.8847046546172908,4.897040318578551,19.0,c,w
328,0.0007101215659635721,,20.970194477569606,7.625711127915529,27.0,d,y
329,-0.17544882972951026,0.971609563251387,0.3951808978421445,8.333776244316638,22.0,a,w
330,1.6715829507443978,0.8664175854545542,5.678273148248964,3.480269631887193,47.0,c,w
331,1.7596971923343112,-0.7693345840912993,0.9684251845340147,8.921529168699609,2.0,b,v
332,-0.1443928184529713,-0.030354121863649188,6.306572394214459,4.704733196771568,41.0,d,z
333,-0.3459163005999941,0.7940963749594439,6.120714345949047,5.278073635588299,23.0,b,v
334,-1.5068733188031669,1.035736507429506,1.3341650609422162,9.99707637821831,42.0,d,z
335,-0.004258987239210006,-0.6611566846541527,1.57105023611142,8.433029661521612,39.0,c,v
336,,0.7081644548002397,5.317732422217904,,,d,y
337,-0.12873533952792326,0.33114650918770105,2.472186894717736,0.10345596472699947,19.0,a,v
338,0.7287592831437797,,1.0817581541925827,6.261740737938947,10.0,b,v
339,-1.3974973239192643,0.800157962585735,6.577867428160627,7.039134261281078,31.0,a,y
340,-0.43477492973360166,0.15154320843246893,0.8370515661489354,6.508026901433796,26.0,b,y
341,0.4624653058026509,-1.741390606326526,9.677352407628529,9.67862351163213,20.0,b,w
342,,,3.6146261319018573,8.629710273321443,43.0,d,v
343,0.8246673344105617,0.039857541584972525,0.5585733244191827,4.4883169318064855,47.0,c,y
344,-0.6026718845586638,-0.6058244788175937,5.922032945305315,0.6285748747238096,49.0,c,y
345,-1.7499885488236653,1.228228425498525,3.6611351297529997,4.760587695019969,12.0,a,w
346,1.1220902303222704,1.2644684906781054,1.769519447115688,6.892440199620231,21.0,d,z
347,-0.9361492892709085,-0.38249015891284494,2.7455751488755453,6.077098082270046,34.0,c,y
348,0.506604027501984,-0.49222552135374226,1.7715155347568932,5.3813706771088485,46.0,b,y
349,0.45085686648841533,-0.13123467336932107,1.526012213445917,4.688189580152413,21.0,b,v
350,-1.663753195031992,-0.20008056580668074,0.8932918972034699,2.937618730273863,27.0,,w
351,1.0491254172400255,-0.5925018938019228,2.253100610703325,2.7734676172462924,20.0,a,v
352,-0.5665671945289692,,1.4449960729543214,5.002314789258019,45.0,d,z
353,0.05505462198696162,1.7548118755996143,5.751125334435142,1.6060314642964901,17.0,a,w
354,-0.3581825639655565,0.00041796377814229223,5.758115409194541,3.406854235748016,30.0,d,v
355,1.622591502232909,-0.17831011192907645,3.4841722766056957,3.2397927471009957,45.0,b,y
356,1.3434902081840627,0.3251691300519507,7.5241402603195775,5.871328015842009,36.0,d,y
357,-1.812334583770722,-0.08005774853408995,9.204949800325753,0.6668230036302458,20.0,c,w
358,2.2588271219081886,-0.4303158446454495,4.334723342586951,8.296686802650951,13.0,c,y
359,-0.6783067325151962,-1.0056459863919494,4.8239287092994125,5.623783803844021,24.0,d,v
360,2.102436676981838,-1.8386127764956959,,6.708266807759353,,a,w
361,-0.25620957213998447,-1.3543789299543936,11.262749982540248,7.030939037594328,39.0,a,y
362,-0.3409167060919351,-1.1166740667101471,0.12251912972392404,2.914841368425365,22.0,b,y
363,-0.2473277330778225,0.6509221580409689,2.143175885624233,4.703715673848665,30.0,b,z
364,-0.4007896449794901,0.7246231467643945,6.397082573851022,9.562459558696672,46.0,a,z
365,2.524396537823222,-0.8817991044667711,0.4173945339658059,7.667052379968149,28.0,,w
366,-0.0763631993206342,-2.663654140437395,1.0116185278272518,9.695568752231853,46.0,b,
367,-0.3022964325386896,0.009120719501876304,4.4492875393168845,7.462543451462883,29.0,a,v
368,,,4.104830845679484,1.756001397085174,25.0,a,y
369,-0.9673351969247053,-0.4462624867001313,6.714800909612594,0.6453588384467623,19.0,d,y
370,1.5971205342902508,0.9559374757643647,8.372886779464558,5.776614367196636,37.0,c,y
371,-1.4710808356931313,0.13865262547285237,0.688153651551108,3.578132797026096,18.0,a,w
372,-0.6140086070714053,-0.9763796485200793,0.09276009601662824,2.7545791013817023,26.0,b,w
373,0.9366603098467922,-1.2064130339590495,5.850087976064913,8.072109964254174,24.0,d,z
374,0.04235213076743197,-0.2626113569849563,1.793326014284741,3.6699326708194735,39.0,d,y
375,0.5492151825000465,-0.906412762189642,4.917282357889928,,37.0,d,y
376,1.5331641166854302,-0.07239762402761732,0.8157991333320453,8.499875931690104,22.0,c,y
377,1.0038015483324798,1.026142044401966,3.165343390171307,8.4628733648646,28.0,c,y
378,0.13747634514114523,-1.3797824115994501,,,14.0,b,y
379,2.0893426498517984,0.08777943480896865,4.398321428332813,8.324987009859662,2.0,b,v
380,-0.6283361487962332,0.9150499826693897,3.5992016318040196,,9.0,,y
381,-0.10030964099255302,-0.08618733581810893,3.422828239614035,4.239305350296663,14.0,b,v
382,-0.03044033150276641,0.7215808951176532,2.0228337136749293,0.6647313020917156,15.0,a,y
383,-0.1024217660169797,-0.28727249211546224,0.3692028504877344,0.015846444663401016,16.0,c,w
384,-1.0692106569611604,0.1708280794236369,0.46891781077390554,5.2329246288899505,18.0,d,w
385,-1.5836498251604982,0.44078493234217647,2.843847680797193,3.4407549337035572,10.0,d,v
386,0.41720157437919353,-0.5720024382631347,2.1986768718474856,9.971318941583661,47.0,a,y
387,-0.6334737855506571,1.9906760171899993,3.62974466557362,7.724109996272842,4.0,a,w
388,1.90780878898128,0.5775801803319217,1.8180530526585683,7.612754563504125,4.0,a,w
389,-0.07254232323523949,1.302985498716921,5.822319821363874,9.552427682873436,13.0,a,y
390,-0.25148925749149037,1.071023946360768,,8.877243978933208,49.0,d,y
391,1.0943397864026543,,1.7752612260399077,3.181874794563887,25.0,c,w
392,0.40219263744772177,1.3857894223598075,1.0720589711413706,,7.0,c,y
393,-0.17551742778704885,0.18791471119191736,0.6175125336427678,7.458922650654822,4.0,a,z
394,-0.6407317477644433,-0.7297752831743629,4.78887254655459,3.7827389368287303,6.0,b,y
395,3.6577018039990747,0.014819231562963215,2.9336400476427222,4.731726516309564,15.0,d,w
396,0.3617857622617386,-1.0061669124151313,1.0413714758042854,,13.0,c,w
397,1.0844295773843962,-2.1017043281098022,5.29412310379895,9.078726769352407,36.0,a,v
398,-1.0229455202334954,-0.8525422430590254,0.8036801461371275,4.190877536709659,40.0,b,z
399,-0.5779853864236748,0.07288153297087471,4.0405539135743345,7.833168902193614,3.0,b,w
400,,,3.7448682146500727,2.6833979127465746,35.0,a,z
401,1.396930939355635,-0.8555192045763543,6.625578662764559,6.979717909236136,47.0,d,y
402,0.4576221037332832,1.0101624535271547,0.28343189660298773,,16.0,c,w
403,-0.3815708917970235,-1.210682985806877,10.94061256873065,8.715072134906347,46.0,b,v
404,-0.23403577195657593,-0.9195224661394502,6.0699764123797495,0.303795799544625,,c,w
405,-0.6761107352561291,1.4491566033964518,,7.127537547625842,5.0,c,v
406,-1.1568493301386413,0.04762101996249564,1.0130622498542123,0.4625818926128389,15.0,b,z
407,0.9238441842610142,-0.17362194528464336,2.8251791229219063,2.6624569939400344,28.0,a,v
408,0.5388312227920584,,8.506815700767824,4.972024035565531,35.0,b,y
409,0.736078816342273,-1.2064032507180458,9.255955046557203,4.199386853482382,37.0,b,y
410,-0.33689798796226417,,3.6745990937789745,1.9183611460101058,36.0,d,y
411,0.2556389751331636,0.002661158126551583,9.859607853347406,3.3381491170923736,47.0,c,w
412,-0.43204376497413444,1.2313809361794323,0.02729290084990225,7.277063700609671,47.0,a,y
413,-0.7273080627703064,-1.6704171393014011,0.17904079668533324,6.692570925796483,9.0,c,y
414,1.667062436142176,,,0.718145837639157,40.0,b,w
415,0.12150729684074288,-0.12464773832504308,7.465656049794288,7.473158255728864,35.0,a,z
416,0.5074543382865404,-1.110556248967009,2.995607838660204,0.5304588119702836,28.0,a,y
417,0.8357540138575011,-1.2916347161343913,7.004200830897263,5.429263890997844,13.0,a,y
418,0.134040886233024,0.2731493170042062,15.577024911477242,2.6006274804219065,3.0,,w
419,0.24063274402515447,-1.3472094800685257,7.3940118786823525,5.876901275598189,43.0,d,z
420,-1.0866251769537072,-0.5601235450930988,,2.6132839594090185,41.0,a,
421,-0.8961150284365853,-0.2499030608777983,7.148234887113555,9.84957969625831,35.0,b,z
422,-0.9478147551284467,1.1436757394048258,0.9208829360986772,3.0972818372753186,49.0,d,w
423,0.6054584168205353,1.0184534592639736,8.966025858133852,2.4196063567449597,44.0,b,v
424,0.07089065282206512,-0.6429923901189591,1.0852409542776622,2.78465290915346,12.0,b,v
425,-0.8960315637655879,-0.21268317022092195,11.156502888708339,8.964728572592954,45.0,c,y
426,0.5800988416352069,-1.5953849001757456,3.068445354785847,6.362188286693447,17.0,a,y
427,0.543456460954106,-2.03909551324372,5.650154920401212,7.3068409742077645,32.0,a,y
428,-0.6949659912993648,-1.2290524475926197,3.4382202318949693,9.180105100943504,,b,v
429,-0.027827544629273795,1.1230973613258104,0.4935298065390978,9.118724848450075,15.0,a,w
430,0.547141675060477,0.78008072222146,1.717540807299649,7.389458465787275,14.0,d,y
431,-0.8583553541194234,0.383436262596614,20.592731580595924,1.978244288413229,4.0,c,w
432,0.5662267648959507,-1.457624486620577,16.184530955637385,8.433733206750055,5.0,a,y
433,0.30102360416356155,-0.7116595773911455,1.9318938162252417,2.037760341910637,37.0,a,w
434,-0.9991997055010263,-0.8578210281786216,27.99279557307374,7.42898814098432,2.0,d,w
435,0.219796734998102,-0.16599837062056236,9.339462999982404,6.856030665448744,47.0,c,v
436,0.36564858665590444,,4.720359131065985,7.588888501404466,11.0,d,w
437,-0.626001126138799,-1.0019568566958286,,5.3268568071381575,35.0,b,z
438,-0.5472836498662091,0.3492168078985434,11.585795374018868,,32.0,b,v
439,-1.0084199309311899,0.2289463802042389,4.0757750321627695,9.533200804342552,35.0,a,y
440,-0.4489989691238941,-0.7288230990929465,10.142835420666197,1.010885941742149,,,v
441,-0.012082010437147787,0.30427839163253123,8.991779486674668,3.0884727478162,30.0,b,z
442,-0.5445221586943206,1.1242853683305207,8.948993420154569,6.113570130983824,20.0,d,z
443,-1.4848878982438873,1.4280607771232459,5.989520625581541,9.640541301314894,26.0,b,w
444,-0.6885880246366268,0.490662156609859,1.7224272549226378,0.9557444766260115,26.0,b,z
445,-0.41729210681200213,0.46126794340935595,2.048572553303348,0.22549221530086427,7.0,d,z
446,0.8168387096322518,-0.24013891402431137,1.8442380310571544,0.5574959847032801,36.0,a,z
447,0.5947649147769306,1.029712895535159,0.1012482335884563,0.5240568646119881,31.0,c,z
448,0.8362210788750023,-1.0703514513397872,4.368179001626665,9.078158577774044,25.0,a,y
449,-0.7390188969989682,0.9138501434081648,6.000462884872687,7.212579079338247,1.0,d,y
450,0.1415507790793433,-0.2876047341808028,9.616156128378986,6.771063661962783,11.0,b,v
451,-2.4230464990015337,1.4909368272017296,0.7550763631875566,5.225728202618095,21.0,c,w
452,0.4289203981809886,0.5882064070400744,3.9283209632034355,7.819526169721519,16.0,a,y
453,0.6108976739007975,-0.06786623107310033,0.04020189027657103,1.556479927615908,6.0,d,z
454,-0.35162516786092396,-0.23648764890427343,0.4996190938492254,3.919411897884374,42.0,b,w
455,0.29542981172178157,0.525612854448437,0.2786828303436694,4.900042507643435,3.0,b,y
456,-1.5149242753700527,0.4771243476860553,6.463619997163103,1.1040949767672625,36.0,a,v
457,-0.801066990399824,-0.39834300450052773,0.42266986260976386,4.19513709337517,37.0,d,z
458,0.7654492384322756,0.09183575826834649,6.30188659842545,3.1650177926262035,31.0,b,w
459,0.5112532785395744,0.8963900873486018,1.435909017439732,0.3558214579346264,10.0,b,y
460,-0.4118545110447676,-1.3633562578802498,10.506921082660936,1.3673540272923523,,c,w
461,0.8113623174047104,0.7258782205537132,8.387245303875497,7.640368231674718,24.0,b,y
462,0.13829811679991094,0.5212145783593538,,0.18037909504644456,41.0,a,v
463,-0.5042209639221594,1.1866474755614906,10.760577993176634,9.342532990963612,23.0,d,z
464,-0.18282731060329377,-0.7156537013032378,13.539957447854874,0.8642463244723742,42.0,d,v
465,-0.45541769131153553,0.005716086092890965,9.785850402050437,7.992380942034582,16.0,c,
466,-1.183775950818528,0.2050683760048956,5.910761408597214,,7.0,d,z
467,1.2566858059021013,0.7387965172002353,0.9332092921115922,9.41135584850447,44.0,a,w
468,-0.5680244332925911,0.4291169291610002,1.5852627582675494,8.674770234959725,26.0,b,y
469,-0.8323607142969114,-1.2395550988122745,1.195900803910931,2.8755003942544324,17.0,c,v
470,-1.529348320513359,0.29104403286164604,4.626478118163569,3.33087131338477,26.0,d,v
471,-2.6359678675891267,2.004228774270408,3.5020669579725445,4.26545698610076,21.0,c,v
472,0.701496868118987,0.6117575759613151,10.090039070588245,1.3929668940710083,15.0,c,w
473,0.793608687036212,1.6380469445366,15.253357505013822,0.22272455067223862,1.0,d,w
474,1.1930385845947082,1.0430613772948123,2.5947921076205676,8.691216142810346,4.0,c,w
475,-0.1490393161701822,1.3624019354384092,3.5296481786051848,5.541287162104563,17.0,d,z
476,-0.3219925272935952,0.3099686609847051,17.792126397083013,6.087229421782164,2.0,a,v
477,-0.5077231133031412,0.5218451096121169,1.616469854672413,9.269884748177953,26.0,,z
478,-0.4165576298382029,0.2555177566413748,7.860488469948997,6.651201781136157,,b,v
479,1.1197903507401872,0.004340865049522787,1.2760092447501605,6.908535043398134,15.0,d,v
480,-0.026515248728958125,0.7421949800691044,5.720037927578987,7.869686484367422,,b,
481,0.37807079600140286,-0.5210019390072009,1.4625728350944731,1.1634844985740378,6.0,c,v
482,,1.8853823160146332,10.75934676474856,3.6016215321379152,49.0,d,w
483,1.3208479062207072,-0.9280129676882737,4.12172584544318,9.682079277033663,13.0,,w
484,,0.8113881199171586,1.028566970175077,9.229300781006065,37.0,,w
485,-1.2205241747180458,1.3786714173035888,1.270393069397415,8.840752963101847,39.0,d,y
486,0.379710524234558,-0.17662175396040314,3.4046031095000724,4.520885103389725,14.0,d,
487,1.7506107512309357,-1.1129773111381638,16.298752850627775,8.571929535868057,46.0,a,z
488,-0.22510019975877035,1.1555295892823547,7.340606849373687,0.48395881945765606,46.0,b,v
489,,0.2033953100502551,3.350178040173456,1.4851742425711745,47.0,a,v
490,1.0006627051583439,0.8133160726017432,2.0603278004389582,4.139676984840541,32.0,a,w
491,0.3236984420148996,-0.10945459883731741,3.984417228451678,4.833920666821264,42.0,b,w
492,1.2902138119942441,1.731924682322397,6.898795481368158,2.6350715352085685,26.0,d,w
493,-1.2903510847443418,-2.1170080522063484,7.6607315846113755,3.5647667084778742,28.0,a,
494,1.211668486010926,0.3761775512837346,1.9623159880690233,1.6277610102536877,36.0,a,w
495,-1.5484574567682716,,6.385572569865125,4.891340317159072,4.0,a,
496,-0.28817214615486725,0.10533904482939617,5.361635651619646,7.938432928678613,28.0,d,v
497,0.4127827528239263,0.3023586930169115,15.984628994553074,6.613603936613057,31.0,a,y
498,0.1860133781990939,-0.4340118125670084,,1.0779224736554127,5.0,c,w
499,1.0605923359823668,0.02068850786661747,7.788482575383373,4.875816033967161,1.0,b,v
500,-1.8266600170092235,-1.671856613136305,,6.976463827797249,5.0,c,w
501,0.14100747969903676,-0.7184313326196915,1.6013127594614787,5.298952965539412,45.0,d,z
502,1.199642032783947,-0.7867551271022283,9.352885461323885,3.9167559653554895,42.0,a,z
503,0.05929422707209649,0.6691239910292981,2.7887625321073917,6.219144212838782,3.0,b,v
504,-1.1423396797667025,-0.5713697592877345,,9.686386653002755,28.0,a,y
505,1.0075073948266526,-0.5424755499398202,2.4238466010553497,0.9490790976607799,24.0,d,z
506,-0.6483102701436957,-0.37792336028513973,9.037477874716446,,8.0,b,z
507,-0.8243230120628784,-0.7486447025153175,0.8045611962151479,4.066058530460957,2.0,c,y
508,-0.950135752883507,0.26902226926169737,3.0454893911910688,5.76967310468371,25.0,b,z
509,-0.19868511294896252,0.3776314694329093,3.389890027576063,1.521746018819179,47.0,a,w
510,0.18306022037287076,0.8250185797217593,0.18658705542559534,1.7664302987046954,42.0,b,y
511,-1.2691000547030795,,1.089200880186726,2.8536138599785463,26.0,d,z
512,-1.0636458767299442,0.5527577449847006,8.764879697815918,9.558700432685196,35.0,d,y
513,-0.6944828758622179,-0.3289683339974436,8.882405557900498,7.341085812309026,31.0,b,w
514,-0.9549886478866404,-0.39310375033787887,,6.616933016915032,0.0,d,z
515,0.0367582265494299,,10.393098781107156,8.169576873942622,15.0,d,v
516,0.36122159640088064,-0.8892436888941013,7.3872904064141,1.2757646891669294,47.0,d,z
517,0.22387381026659298,0.1942614096792605,2.7056294066653193,8.593328197237517,10.0,c,z
518,0.22533188874780258,-0.7194160407800809,6.899699853550128,5.94832713887504,25.0,a,w
519,1.670991715288611,1.4683241333559591,16.26405471245066,3.3532900745893546,39.0,d,v
520,0.4236835996271551,-0.037500823074493095,3.071400138504689,,0.0,b,v
521,0.783964247889247,1.5013901071595404,1.3618474139643644,8.025645343486241,25.0,d,v
522,-0.4146157497769728,0.5717670545711673,14.22076735228298,8.457085817167272,27.0,c,w
523,0.9440061426614912,-0.7772364344717115,4.6284777008701745,1.1551790010698215,8.0,b,w
524,-0.4623525237933219,-0.06204618858181776,0.5561393776601649,9.69361244995776,43.0,a,w
525,0.41144832758859035,-1.6734523411177162,4.251143607499964,9.59626153789731,21.0,b,w
526,-1.3713668681823825,0.19042535506528505,3.4715481742239844,3.574696455017415,7.0,b,w
527,0.1662341319881217,-0.6857684078453173,9.675455723234245,0.6589401821191965,48.0,b,v
528,-0.9753802351693376,,3.782514032114592,1.670556694687857,41.0,b,y
529,0.9360356544839075,1.5221467585480473,1.4734155084538427,9.92830825444697,26.0,d,w
530,0.8758764619987844,1.0305877409842874,5.629568989280822,5.630129431716631,38.0,a,y
531,,,3.910716657214939,3.5662179882605205,18.0,d,
532,2.0495749286245397,0.7821112766509443,1.3266333239628103,2.8820269385003883,24.0,c,z
533,-0.28587829619347493,-1.234889044125783,4.262213705757664,2.5699173531094752,37.0,c,w
534,-1.6120189006725272,-0.4004794928068376,8.616830067685523,6.641527650544821,20.0,b,z
535,-0.77911797036268,-0.33950364146988704,0.14493505500524181,4.1938783151968595,23.0,d,y
536,-1.044141022357851,-1.7097370740989313,4.98277513546788,,23.0,d,z
537,0.3796021017862546,-0.5570010948439893,2.1507247964923284,6.838430306453614,18.0,a,z
538,-1.2353630266724525,-0.5460979756170437,1.7313000249610155,7.920445910489612,49.0,a,y
539,-0.5392140158062453,0.12599894749496204,2.4927377961974457,2.9274154858315993,46.0,a,z
540,0.31455217053676987,2.5323876002383434,2.0929239619795093,,1.0,,w
541,0.13864589471180266,-0.02089627660473875,8.926077837920543,4.878228373818811,13.0,a,y
542,-0.012643812341779493,0.1265144545696673,1.6065239065414372,3.145815465462273,31.0,a,y
543,0.1260005190440673,-0.250210272764142,6.605399525637292,2.020831650079237,41.0,a,v
544,-0.37050009750765445,,0.49391000930695345,,31.0,b,v
545,-1.6037520556663305,-1.073917208645777,15.12028555311385,4.439882143420303,27.0,c,y
546,-0.39683822074464503,,4.868495495391814,1.7470859204878564,47.0,c,y
547,0.4687497843152855,-0.12415920746681924,6.133113215179503,1.9865065268113913,38.0,d,v
548,-0.13693498860940434,-0.39518983303106436,1.76938952575281,2.8070974246459404,39.0,d,w
549,0.39148837313050083,0.9700370736637999,2.655962885339685,9.993162681897127,41.0,b,z
550,-0.5867830295094854,-0.8909225920448536,,2.6801150051959732,46.0,c,z
551,0.9943360798779287,0.7192509830553334,13.480812142664842,3.2880180457845363,39.0,a,z
552,-2.556317867471334,1.4051700555953608,3.348173364989899,6.593281279840014,12.0,a,
553,0.14144051292335458,-0.24134277240300922,4.977320653732449,2.939613764102983,11.0,d,w
554,1.3488803471212785,2.0528416130798712,6.626410823267481,2.1580425105969336,7.0,c,v
555,1.4976985160414629,0.6442915262612541,2.3189635140121507,1.586371866495987,14.0,d,w
556,-0.23182616924247532,0.6566942596644293,6.3666439682884866,3.1268266502779216,25.0,d,w
557,-1.3261981556428841,1.3658653351859897,5.63494291847036,1.0591568962877351,11.0,a,z
558,1.366472842343359,1.6307349546363734,6.115087270655332,0.18646586414782895,42.0,a,v
559,-0.05186516680556065,0.26183898640638015,3.359178462840051,8.046416973346773,45.0,c,w
560,-0.15896953926988067,0.7969054413769378,2.4139238642723644,1.3789494241457656,26.0,,v
561,-0.8928546408777307,1.396341493160928,,7.759768498152423,17.0,b,y
562,-1.2498874808582574,-1.161811076361437,8.704182271752957,7.975424789866597,44.0,c,z
563,0.5638631689243543,-1.7295023996326477,4.686934069891191,5.379195263292431,35.0,d,v
564,,-0.0575539204059049,2.938103158309456,3.0968195831295144,48.0,c,y
565,0.20154400179942156,-1.7534913574193798,14.411652482324445,1.4503273374988845,26.0,c,y
566,-0.7640457815938431,-0.3139950963079523,0.24510471964711578,7.368051067209991,8.0,c,y
567,,0.31437353419913744,9.49133471879396,6.013869859817859,38.0,b,w
568,-1.432248655219893,-0.2756387660551266,30.12529889260336,,0.0,,w
569,-0.5605451760779732,-0.14159304810369086,10.899276491875616,0.0866908984513104,6.0,a,z
570,-1.005853564748964,-1.001666513620925,8.315158349442633,9.275170157078245,25.0,a,z
571,-1.7093096952910454,0.7881435439709441,2.3444691737282315,0.6629018744655024,6.0,d,y
572,0.6513450123530482,-1.0634633671223397,,3.6680588514000565,6.0,c,z
573,-1.3190638614849672,-2.1029017310550335,6.637307692196046,4.027116496517003,7.0,d,w
574,0.9839226814307339,-0.20733877253321994,1.8161631811723657,0.013555244979488457,15.0,a,z
575,0.3940717101134636,0.915019924919956,0.968164540936792,4.970893093507971,2.0,b,v
576,0.29434118761839906,,7.721198523678241,,44.0,a,w
577,1.6653090460600914,-1.164797015080235,1.873784728098777,8.23268653114772,,d,y
578,-1.2858026340645248,0.10195096740633612,12.292788043546201,8.793969933058843,49.0,a,y
579,0.873771996048796,0.43830370476834984,9.18271665856237,4.877188683153695,6.0,d,z
580,-0.29764257302142966,0.09031669151892624,9.407556500379656,6.306361905296505,20.0,d,w
581,2.57107015662954,-0.2645842468885863,7.382621310336415,0.7951971329649876,36.0,d,y
582,-0.3807944311392094,0.4860386816427485,10.638179215592592,4.880382242817499,30.0,,y
583,-0.5423083361256184,-1.7384269028201453,8.192966453896638,1.5481575487173527,22.0,a,w
584,0.4255357748572663,-0.8939553907625805,4.612944664528821,3.6964311762252144,26.0,d,w
585,-0.20890853220863959,-1.3052080978053102,1.7536256716463061,3.293053128645993,21.0,d,y
586,-0.7584629622998692,1.3483863719881566,10.955629753745077,4.235405772415081,38.0,c,z
587,-0.9702767839358374,0.7120317209883875,9.181806202225498,5.716366179741326,26.0,d,z
588,1.4582044883874032,,3.2016288327109557,9.028766470629959,,a,z
589,-1.1634616318999917,,0.19931376329287628,3.944846313475053,3.0,d,v
590,0.22308756038049984,0.7441477889481191,5.088071028504166,9.811311957115507,23.0,b,w
591,1.0561841396260951,1.3865401349918163,0.25960879428981287,7.590280480512028,,b,y
592,1.1044949854426331,0.5714947364635622,13.037403143301995,5.114810467883832,47.0,d,v
593,-0.6016524021814399,-0.03517741650355717,16.302560627315213,6.440264371119441,18.0,b,z
594,-0.20618480062576267,0.6317180318506153,1.050458899146202,1.0222417113194449,41.0,b,v
595,-0.40019350101437273,0.2729161142526889,5.641071350157654,8.445215313136549,2.0,a,y
596,-1.535018762665875,0.9260762336397387,0.4840360240317084,5.823574550639659,26.0,c,y
597,0.5375173830201151,0.9036856417929532,6.53772882589687,9.860674802096018,2.0,b,w
598,0.03850364563480881,-0.22106553661032657,2.133093884317875,6.364287437528491,27.0,b,z
599,1.440585080601879,-0.6606413828841099,5.713606393006604,8.34111583266325,16.0,c,z
600,-0.8232050973014229,-0.3998229406861777,2.3330590136093003,7.997627427952398,30.0,c,v
601,1.0886965586176958,0.5358503350049342,0.7865889230931701,,9.0,b,z
602,1.1592341502842047,-0.3394396517978083,2.6053056456175754,2.596106252332117,48.0,d,v
603,0.047071686807887377,-0.7505296181538237,0.5977114985922564,4.3049358343151,21.0,b,y
604,-2.170861570833669,,4.300535961604433,4.672413444088371,29.0,d,y
605,-0.5125676574442902,1.1074569306689515,0.2090683269284308,2.400847019366439,48.0,d,y
606,1.7858711243041168,0.13510806713406354,3.7466798718712035,8.945978733509719,20.0,d,y
607,0.29705577149190954,-0.2762179960004274,10.873979084485544,5.42547862300646,35.0,c,y
608,0.6933997058718859,0.320431792946765,9.096884831799862,9.784443921535695,22.0,b,v
609,-0.08916658163496832,0.0840392090498677,10.71858633748614,8.100177780462634,37.0,b,y
610,-0.22344290986312845,-1.933637041009678,12.758361582004403,5.55704860391946,11.0,a,v
611,,0.6967591430191588,0.5520210010302404,9.470402781443592,24.0,c,y
612,0.7947392170553069,0.40745843994710923,0.6891155321995888,5.04874815095307,19.0,a,v
613,1.0796812047223765,0.016171798945745924,4.071004365965094,8.871065125186705,48.0,a,v
614,-0.9508622854666883,1.0623567007229204,11.22029186526919,3.5814478119580553,48.0,d,v
615,-0.17885512150830743,1.212999364250198,18.315952597214366,3.7864238340409404,41.0,c,z
616,-0.31374127735429075,0.7987686614735513,0.2368309585331083,4.181306829709311,6.0,a,v
617,0.4201532939862862,-0.8503008160355342,2.1985290673169584,5.466256459432461,28.0,b,v
618,-0.5443635815090949,-0.8157111106269598,1.196963372414515,5.534902701988241,47.0,a,y
619,0.9313409231830024,1.1173355400019835,7.052235500431866,4.963989216770842,28.0,c,v
620,0.07132431612448889,-1.8772239269451998,5.11094958150967,3.0600097358316747,12.0,b,v
621,-2.5494230555846977,-0.14884751516211372,0.6385307132682171,9.27206464790831,2.0,b,w
622,0.44272027519264323,0.4398258070310824,3.303613580731744,5.885860973492543,1.0,b,z
623,0.9963509875907843,-1.7504077354475045,5.7829105133295,4.077392161915949,15.0,d,w
624,,0.2343432388502992,7.548084923291677,6.511769607436182,29.0,b,y
625,0.4087269349745743,0.9544290765859523,0.10128247128948623,7.6796675780980515,37.0,d,z
626,1.82995966975421,-1.4855760701034757,11.057764525807883,9.607280882282431,5.0,d,z
627,0.11206637517823875,1.6581702066941584,4.2115013137939545,4.995491622675826,44.0,a,w
628,1.1416288643294894,-1.00983007609891,8.354150009515008,1.120985103507588,6.0,a,z
629,-0.44215497023652023,0.57473624647703,8.24968599343998,4.407658014365413,4.0,b,w
630,-0.017964288457156176,-0.08359642835863292,1.0526957347878863,4.789705614534714,6.0,c,
631,-0.20462128792634549,0.06951562370045135,0.5836361425115111,8.969940781856739,33.0,b,w
632,-0.38712042634755656,-1.2834951356741566,6.3878683275051635,3.948007684629531,31.0,a,z
633,-0.14772204508307624,1.260472962353059,0.8505437017400697,9.533242648871385,48.0,b,z
634,-1.6306817809243175,0.3258834633502335,9.483516738613455,4.851319077143348,12.0,a,y
635,-0.3308801343832965,1.620840176903156,6.476594793824706,9.73780500978929,29.0,b,
636,1.337806455426785,-1.2574172205790268,9.22027783754845,0.08198321130962194,24.0,c,
637,-0.9636900568518333,-0.18123463387869396,1.7763273999946616,8.988153748063466,20.0,b,y
638,-1.0661332714733105,0.20952923970220724,1.90336050579154,9.311204519433506,20.0,c,z
639,0.061212371394754946,0.06038314729492472,5.561855893066447,9.610209357652133,27.0,c,y
640,0.11118314335724447,0.6667853446724203,0.1597549748252465,0.1307653417461485,47.0,,w
641,0.3774647190539862,-0.19391854192387575,6.482208804005916,1.7170083655030899,19.0,c,v
642,-0.11373857318463888,,9.032834932573161,6.537645030932362,33.0,c,z
643,0.07186416445833355,0.039842322188179596,2.682115530380949,0.25472691735107134,4.0,a,y
644,-0.35088477362899917,,7.2382714053887485,0.6360899617650073,17.0,a,
645,-1.2757961552999642,0.08420100833937201,0.9595019402207385,2.2107887369344192,38.0,c,
646,-0.07139186831065085,1.261463984866183,1.9449606324648676,5.124397687438842,42.0,,z
647,0.7245969964424639,-0.923306101850534,18.30728711434839,5.459025592668075,10.0,b,y
648,0.5150546263523341,-0.9867551891712364,21.4620901390844,0.3426112279350435,16.0,c,v
649,-1.7442421269392874,-0.8403897063395901,3.5934025257194286,1.7036725078153114,47.0,b,y
650,0.2519253633090828,,13.61098332047284,4.997056733346553,44.0,a,w
651,-0.8927695258571692,-0.47940171370599405,3.698371655982795,5.939406209434052,,b,z
652,1.392164005221382,0.9092972263492204,1.723648072740488,1.4840169648621537,36.0,c,z
653,0.3262697829283802,1.5263327284126937,1.5523609483484226,3.9884141194697067,19.0,c,w
654,0.8962839601306067,-2.4242503239372004,13.261117498232409,9.044014365169524,47.0,c,w
655,0.02116814441485975,-0.37845465357745733,0.9464069354547517,9.98899287046172,47.0,c,v
656,-0.06605499889747726,0.30269799437673267,4.33312925430795,9.872144548311413,47.0,d,z
657,1.495844917653247,0.20267836338519074,4.054308108550524,8.816745102868724,45.0,d,v
658,0.9727743966250163,1.8999396666228892,6.72809823256145,3.946600879499458,5.0,d,z
659,0.11785865224754775,-2.0106939095820673,3.458170704158103,6.8657429207478415,33.0,c,z
660,-0.1996664261373981,,,4.165922277841987,13.0,d,v
661,-1.7071747255308698,2.062212524038256,0.9280136676473463,6.4852702682420285,47.0,b,z
662,0.3245675348741399,0.7534336932473364,4.848705485676642,,22.0,c,z
663,-0.12610396931971468,-0.5713715869529101,6.346838582143215,6.06202253610332,19.0,a,v
664,0.5539560470822761,0.1715987730679549,4.214286920843878,5.237584965528499,12.0,c,y
665,0.8578188415347864,0.24321762256106638,6.7037621360233395,0.24480265813199953,,b,v
666,,-0.5955207903359794,,7.907029037461138,43.0,d,z
667,0.33699291089440425,0.141778370691434,10.705316587528877,0.11897832245155615,40.0,c,w
668,-1.0463604651282052,0.3548133746601196,4.366102433723929,2.9315594225330175,31.0,d,y
669,-2.149313550918133,2.015530261362825,0.6782048061029712,0.059240654540023696,25.0,c,w
670,-0.8246998603567915,0.9634512222855411,3.0987885142181177,3.7620141329519816,49.0,b,y
671,1.3334884995050678,,9.314937186249585,0.6316052816413931,13.0,c,w
672,1.8234914692994408,-1.3435714836728943,11.392497149784893,,35.0,,y
673,-0.23790075176917547,-0.34719725961785775,1.5370401474275799,4.156792951628686,7.0,d,v
674,-1.4609592542823513,0.24224698393162536,6.211244114199919,4.5949577486441004,39.0,b,y
675,,,0.5267206205373797,3.4985023609085486,21.0,c,y
676,,1.1818593381092803,,6.275061542017663,21.0,,y
677,-0.5910131735271067,0.6422097723112623,4.109438383050293,7.844081166182038,15.0,c,z
678,0.5891239476675142,-0.367158519953864,5.934391742130158,6.481467430489779,26.0,b,w
679,0.16855830129803526,-0.183334343500785,7.9429519790782415,7.482071183951275,9.0,a,v
680,0.710003259037054,1.2538668888237479,2.079215658343264,9.059736635092605,24.0,b,w
681,1.8180109989470379,-0.7954379476369655,0.03273396997321836,8.635465316714287,30.0,c,w
682,0.5897814755343384,1.2941853496622873,3.265011752588054,6.740584527536958,20.0,a,v
683,0.14691627663792947,-0.25203873658628795,0.07990278501194986,2.146379629044286,26.0,b,z
684,1.9283735658089192,0.7559960527769166,0.4824692089687155,6.377028510419288,16.0,d,
685,0.3495521016250613,0.08676420557898726,1.9777398979300596,5.060830957405109,32.0,a,z
686,-0.7929474973316006,,2.8739064589565673,7.172192310104201,30.0,a,z
687,0.6874652897694855,-0.8873923901075258,1.638837255795238,8.32931648392915,49.0,b,y
688,0.4474555421329706,-0.5732826225769339,4.359757847290432,7.427214971864174,41.0,d,w
689,-0.3079023422705998,-1.506125477688831,0.2847028366527934,8.465611699612852,,a,
690,-0.5175860524662734,,0.7808118192679767,0.6386637334102385,20.0,b,v
691,-0.2982594873149079,0.7131281076945163,5.941455385281361,0.31620038237463954,35.0,a,
692,-0.5318893575017567,1.600163638865061,0.766576790016334,2.5850056769959395,0.0,a,w
693,-0.2657598187128918,0.8264808703602766,5.10513501165703,9.006660841086283,3.0,a,z
694,-0.8427966022418615,-0.005391499726866356,0.281183362564465,8.236592509839738,3.0,d,z
695,0.3861546881598157,-0.8936145016560537,2.6160287033856044,6.8272729779531165,25.0,c,y
696,0.3112013139588193,,,7.007586674397159,,c,
697,0.34520177722946915,-0.9486019051858376,0.5806261421527373,7.266704692582126,48.0,d,w
698,-0.06236933943665402,-1.3489517343057593,4.18546633159974,9.42602700484747,8.0,d,z
699,,-0.3084693332099046,13.178817840434846,8.321911523075576,29.0,,y
700,1.4420057976535152,,0.2817251538118451,6.233903870270475,,a,v
701,0.0674058868378028,-1.3813848745522488,2.737052553373209,6.657154352571405,3.0,d,v
702,1.2637668460554767,1.8859903358828205,6.147058871676626,2.1374026206112196,4.0,b,z
703,-0.9964159831663135,-1.5668084244584022,3.1058801717831837,6.5731882515627245,44.0,c,z
704,0.5891778342013787,-1.1881483810458113,8.212284081856332,4.246790124184585,22.0,c,w
705,-0.7347030366600157,0.07183290770666434,0.9900924530694734,1.5296187060574373,15.0,c,v
706,-0.5561519282933344,0.12390388003001514,16.0439103219707,8.064028192465743,21.0,c,w
707,-0.4119058399275515,-0.23462429737885407,2.43198740773665,5.102470998031457,36.0,b,v
708,-0.47459896860377837,,2.0894825409013356,9.774250416894215,7.0,,v
709,-0.46960465648185074,0.8484893276377898,10.381464300050823,2.8167935447452495,47.0,b,y
710,1.2172750898905649,-0.4430533997579966,4.1490405470126275,4.806701123050767,32.0,a,z
711,0.0454111731176399,1.2204495221749012,3.632944278625081,4.479954546688681,37.0,c,v
712,0.22505538920960913,,6.491013031098092,1.2077952243257872,42.0,,w
713,-0.4571599635514496,0.9824943391405768,4.335529874037164,4.261152788307795,15.0,d,z
714,0.8569393037181088,1.296083449079435,0.8867634788219902,2.875534564209249,,d,
715,0.3550562782389196,-0.46694227575382025,5.607321432695912,1.603204713669344,15.0,a,z
716,-0.30892864434973827,0.880450194105647,0.7162862752199293,2.821555840361393,6.0,c,z
717,-1.5842838926266432,-1.3285446781163972,8.195819555613056,2.33251691266392,0.0,b,v
718,0.21629645840187064,0.2636894870694937,,7.34073531005878,8.0,d,y
719,0.5756795225354583,1.2222277083548394,2.3691557240327987,0.30775178259160096,17.0,a,v
720,-0.9788478383233464,0.5184928459641237,2.9417371943503823,6.174627479132213,44.0,d,
721,-0.29539461869916234,2.4062239228532394,0.23773138187837706,7.606613420236065,46.0,b,v
722,0.5371605014609561,0.5743579922911557,0.06914180331618255,4.807234564689732,2.0,c,v
723,-1.5709280571217674,-0.365271252607501,12.718148003003233,9.315649800079184,23.0,b,z
724,-0.6488521834098897,2.840886393001498,0.6884088846266798,7.078806952365353,27.0,c,z
725,0.3769089416264014,1.6337010173475504,2.9509564966327133,7.479236513114173,9.0,c,v
726,1.10501843885161,-1.6029075617983968,8.446590895930845,1.9693348744087025,8.0,c,v
727,2.1857798122711674,-0.7841636049283146,11.005504600045395,7.772955758390735,12.0,d,v
728,1.9586547683670905,-1.0381581070413235,3.6635756969281994,8.320947360831148,47.0,b,w
729,0.1437694823160094,0.6456296045090557,4.162420103742639,3.612663884059896,34.0,d,v
730,-0.48422688148195236,0.5711580368167886,5.538527117912152,2.1336306803297123,22.0,b,w
731,0.9231222677708861,0.5634519323954991,16.270244821238997,3.8505067920361666,46.0,a,y
732,,-1.6299094594989507,4.614940055135181,7.396079690001372,16.0,,w
733,-0.7620952849456515,-0.6380915466050493,4.098943352491406,4.176390058687027,45.0,b,v
734,-0.30526605236510046,-0.14928525472364426,0.07320395249569277,7.366518752247879,6.0,b,y
735,-0.43067330017710687,-1.821920549320722,0.42207213459438453,1.1356454097753765,15.0,b,w
736,0.4126306230658756,-0.8718277665578907,4.303944594845099,8.060117104884844,,b,w
737,-0.6024016221343611,1.3564337101657322,13.763176634074178,,35.0,c,z
738,0.08512205729781484,-1.5540759979695884,10.075440753366262,2.489289877145937,19.0,d,y
739,1.5949534514053203,1.4552604937184808,20.25037241766742,5.903809652038607,23.0,c,z
740,,,3.7521236993124174,0.7011804574698965,46.0,d,y
741,1.5167422881217778,-0.290737219804481,7.754216476365334,0.26297726684668565,4.0,d,w
742,1.202056601065949,-0.6488729993676847,9.175433354847328,2.6102866529344926,44.0,d,z
743,0.5920402367006328,0.8318276221453004,5.221070215137638,5.3806755073482275,5.0,c,v
744,-0.3541527899385204,-0.7877401608956308,2.068115754772254,9.076163862252272,27.0,b,w
745,1.0405079773491042,-0.7379979499461239,3.1741879196942073,8.464351763073068,4.0,c,y
746,-0.2499749186380738,-0.023868404004728505,9.756721967783887,4.904464599209755,48.0,c,y
747,-0.002009655026961095,-2.130233595786918,1.773013505319084,0.3705199369349277,38.0,,z
748,0.330198674165594,-1.4499755984017062,,5.352527346293091,37.0,a,z
749,-0.005367472393481668,-0.315661249001483,1.3055664555525475,7.047955999252955,1.0,a,y
750,-0.7202677184105369,0.4756960322125993,6.921809450861801,,42.0,,w
751,-1.5270989149828693,-0.8015739380786786,4.978824304527709,1.110633032816547,38.0,d,z
752,0.9591329303254789,-0.19761047802168252,6.923467039064234,2.7856795320565944,20.0,c,v
753,0.5703421268063606,-1.6134594081376321,2.8754659963529576,7.71588864467814,39.0,c,y
754,-1.720610992496342,0.9324838522703204,13.48859841714986,3.512438322833283,36.0,b,v
755,-0.7467873495368568,0.22008232956098164,5.004781617465616,8.119814906857101,17.0,d,y
756,0.1790654292733845,0.30854590263921694,1.7004645486523833,3.195214518074758,47.0,a,v
757,0.44257235356056795,0.48825061798489505,5.086844796099912,1.6355503841381813,45.0,a,w
758,-1.5184536589670916,0.07812750349478562,1.6900773644391194,4.358483595136082,11.0,a,y
759,-0.08923866654242166,-0.48377275857399915,1.7380974272172716,4.52274512289139,16.0,c,w
760,0.5396545952539643,1.1296545487203085,2.550783501233344,0.16108218549336972,36.0,d,z
761,-0.3515118018992803,0.156881147760773,9.567277345724914,1.1704507270632614,45.0,b,y
762,0.25582964843439365,-0.16571942867342454,3.468715534383752,1.8492601877281745,37.0,a,w
763,-0.48755188204447686,-0.00865465392050398,5.68002650421553,1.135873173786749,14.0,d,v
764,0.9091963516995218,-0.02996506648874011,2.487636698322147,3.415260754213638,6.0,a,w
765,-0.7992857138662712,-0.1757656039253121,,9.646228556170179,13.0,b,y
766,-1.14207823909438,0.44610636250790753,,5.09222538327078,49.0,d,w
767,0.028926864061550688,-0.9358602221223686,4.6264208484063545,,0.0,c,v
768,-1.4335259722884957,-0.8627910357403081,,3.563864785230282,,c,v
769,-2.10511118806279,0.5592636894286356,1.1370946524234549,3.2348776164314605,2.0,a,v
770,,-0.14523934072779623,0.7943583202788014,0.23146771915008357,36.0,a,z
771,-0.9842244815608188,0.9713931021430959,9.683564616827399,5.003336556760224,43.0,d,y
772,-1.3336515825838127,0.40887900063186366,5.711523441455886,4.836090067516663,,b,v
773,-0.8117587769496082,-0.5526279100762321,1.0325292634056673,1.5783072618112304,42.0,a,z
774,-0.8566506314107953,0.5750963631286746,1.5691700345401507,7.643240002067037,12.0,d,v
775,,1.197190957958936,8.063815712576815,4.92674330311003,47.0,,w
776,-1.0934867336859668,0.44697955612125384,3.0244785473208466,3.3899397016157327,17.0,a,y
777,0.49818614225615515,0.6655849430667965,5.551509329235708,1.4690890902292697,16.0,a,
778,0.6462341311577152,-0.1717708506034031,1.9162095794281275,5.521608269710124,16.0,d,z
779,-1.2749914506155353,0.9930398828805027,2.4001078303416823,7.528170260888097,10.0,a,w
780,,-0.5806904149296438,23.395460905008957,2.819993526849717,19.0,c,w
781,-0.523057240038586,0.33854302574051653,1.4225494602002073,2.1879435157672256,9.0,b,v
782,-0.16500736136634184,2.569506152435933,3.5307201447621295,5.21934964064577,28.0,b,w
783,1.0826835169836817,0.5388810560256598,9.302408632081757,1.5534330251001693,47.0,c,v
784,1.1403134150026082,-0.42071123059186843,1.367076401977804,6.666133865942849,33.0,d,v
785,2.4988673861657866,-0.4232922416913996,2.6825444728263568,6.0534362794423044,16.0,c,y
786,-2.2693739291541783,-0.07134169729034448,4.773745414306516,0.8708204959142862,41.0,c,z
787,-0.9242957231516289,0.8512457817294108,3.281069942360004,0.3652037938137387,12.0,b,z
788,1.8140091810749837,0.1457775091673821,3.076324176906321,6.202886525885849,43.0,d,z
789,-1.8007003177768348,-0.6485278132383967,2.2510813344254093,2.942937739887408,46.0,a,v
790,1.7912650641707064,-0.65029699278869,4.417258516328198,0.8644575317339853,38.0,c,z
791,0.14735127314324467,0.1520493310229803,4.895789225277496,7.5942870495648656,26.0,c,v
792,0.18413277302254438,0.04239498673879082,,3.1404400301764412,25.0,d,
793,-1.2797979861194704,0.45497616911902095,0.36483293071485184,4.595995496382236,27.0,c,z
794,-0.4511632200042967,0.9174898957848946,4.985256281683312,2.3681292745376927,12.0,d,v
795,1.7473763597099061,2.727359702409499,15.313334050892324,6.273170783579646,11.0,a,z
796,-0.047683135241226755,-1.4620335167676004,3.8933754070748847,3.014884153543594,43.0,d,z
797,-0.44449902821020504,0.6868621272864411,6.28101834853613,9.680209612276284,27.0,a,y
798,0.405719196379236,0.0983077083882902,4.067907100057877,7.029475486169066,1.0,d,w
799,,-1.8445762311105884,9.646171486644002,1.367222763734658,36.0,c,z
800,0.345151149806441,1.2495307236517275,,4.166948396734668,,a,
801,-0.8497413321599213,0.4211732265819475,1.018052223836486,3.854210997298786,22.0,c,z
802,-0.07715264860810528,0.7998062928201565,2.871135394104808,5.342471107203831,44.0,a,z
803,-0.6410762654407186,-1.6994189450976827,2.4910452502917106,8.419306744792532,,d,z
804,-1.8039666406946775,-0.22041692749820854,2.5977774528779896,5.834220151830017,34.0,d,
805,0.4819577872476852,-1.079196944894296,0.6706531819782108,0.6155667759999928,10.0,d,w
806,-1.2337728415555556,2.163100942680612,8.399723735695408,6.5541569680285505,47.0,b,w
807,-0.16474093010410207,1.1445503457443813,0.18210763633830437,,32.0,b,z
808,0.9260682458279109,-0.680967783285462,3.756282548994407,7.79960460540393,10.0,a,z
809,-1.49781345654043,-1.5366389009496022,5.421748247633989,6.66636072411242,8.0,b,y
810,0.6046840969496019,0.19405506638375492,1.1626210500535499,3.08785658352586,13.0,d,
811,-0.2998134569686626,1.0924220022943598,11.814340321146952,2.924418045895157,8.0,b,v
812,-0.9665234009270639,-1.7350536054359293,9.117774351030498,7.982729965463056,38.0,b,w
813,2.0229232888860684,-0.9317746709931696,3.184625692244194,7.833366919246205,47.0,c,z
814,,-1.1055847090139588,2.647909917845884,,2.0,a,
815,-0.5680928895767411,0.8669461659105872,1.349655619245159,2.989477280797803,28.0,a,y
816,,-0.36982908854451246,6.546541131955335,,18.0,a,w
817,0.8811624684366963,-0.32793652237750537,0.7063422307955451,0.0836565998414418,35.0,b,
818,-0.6120562264634115,0.17465468063896764,5.7008877004859135,0.8266703798654229,31.0,d,z
819,0.7565180985410257,-0.8782808123290141,9.240283769962442,1.2616959014873674,6.0,c,z
820,,-1.4436867367275648,,1.854118178271742,,a,y
821,1.1161880644338484,1.369685162360285,10.065550752177362,5.120181266754691,43.0,b,z
822,-1.042539447482884,1.462485708479594,0.16945534196095816,9.92241914861122,17.0,d,y
823,-0.9030632390960045,0.17958245946317858,12.197031477656617,6.5261340174735345,4.0,c,y
824,,0.2521555056676198,0.629869982525243,,22.0,c,v
825,-0.19806649752477593,1.261013976580008,5.188891544144613,5.255793740622417,21.0,a,v
826,-0.35455702869701056,0.15665355660374003,1.4389601852479406,4.966452123895044,25.0,a,v
827,2.6314404054265177,-0.41907790594364563,9.056313876416716,1.441678158180495,41.0,d,w
828,2.0632470043519078,0.03933912677746302,,,11.0,b,v
829,0.2990550748210432,1.3931686371674725,0.7265232237130842,4.4076524767536895,39.0,d,z
830,0.41697207405045755,0.05332166842880583,4.231393564941667,9.945591406097398,18.0,a,z
831,-0.23643218007958092,-0.6693825346535526,2.620251850847644,4.200722952521643,46.0,,v
832,-1.0498255335181308,0.14700204928509752,5.415385189205178,6.079577026836093,0.0,b,w
833,-0.18207224055525215,0.6562231375357641,10.68125684786703,1.0476253645144007,2.0,c,y
834,0.7711177514620537,0.5362534949056986,2.63298953416776,4.542278238068692,26.0,c,
835,1.305626761568009,0.5528239480716095,1.711611330361034,2.3876589400397332,17.0,c,w
836,0.9957084205227055,-0.8266776791334302,0.07310734562620469,8.35564798571235,49.0,c,y
837,-1.5097742931542115,0.7701035665584568,4.276437236560772,7.8391958486753985,29.0,a,y
838,-0.2892276781537132,0.02846593921228912,2.5731205396682006,8.241799996253585,1.0,a,y
839,-1.4688675648659923,-0.711791167469455,2.347212685555492,7.236094377579514,4.0,b,z
840,1.1688435574027187,0.7621517136520333,1.0101851057040536,8.326832236200513,28.0,b,y
841,-0.41238439480033257,-0.45363884891676387,2.8110800984727016,2.0082875017492086,32.0,b,y
842,-0.04711011563103306,-1.5742973485555531,20.815886598722546,4.520437765798016,41.0,b,w
843,0.4800502680050018,-1.000602381110322,1.7673586391044662,6.918468799459681,19.0,d,w
844,2.766139919811899,-0.18163693304708287,4.577760191478498,6.373924979351349,29.0,b,v
845,0.2682749397895262,,7.491425850384461,7.16354482874087,41.0,c,w
846,,-0.8640699520880911,6.914656576048166,2.242583831512317,4.0,c,y
847,-1.24104212120364,-0.24066246043753473,1.993249081489855,0.9843470904498974,49.0,c,z
848,1.4586394485031053,-1.216607231663058,4.719081587789814,9.168065780747764,20.0,d,w
849,-0.18163646429707533,0.9820329162398111,10.24998403147202,5.601718955673585,14.0,b,w
850,1.6571424649276996,1.7173311139555516,,1.5382592450741095,19.0,c,y
851,1.1056131129487234,1.6092825244883207,2.8611506993214193,7.934365818873616,7.0,c,w
852,-0.4629561026084717,0.9649795504861378,1.2697758199078497,9.149299366292826,48.0,c,w
853,-1.3922761808559043,0.8625099571202616,2.4602834239400617,1.6956351857110907,30.0,c,y
854,0.27256911720360677,-2.0718795244032027,2.6891825087464447,8.174124552691106,11.0,a,w
855,-0.6149035287716018,0.17717323222010523,6.865330503884196,9.332250613191283,20.0,b,z
856,0.0393458424563057,-0.49609262365990814,0.4925969171454504,9.383616002960174,29.0,b,v
857,1.0490496068543376,0.880466361044901,3.59318556173226,9.141564616535012,26.0,d,w
858,-1.6535821156248336,-2.5375978756813287,4.15279952822622,,43.0,a,z
859,0.26461384406821387,0.19296770277017825,3.407650638406653,3.5621131725386923,25.0,d,w
860,0.7595961908857367,-0.21444378383240253,,0.07272807694009287,32.0,c,v
861,0.8081105617560631,1.1184299329314042,2.4208475128554556,0.6091222687152709,25.0,d,y
862,-1.363542171187423,1.5479870536747384,14.499117150384105,4.288390152973907,25.0,c,v
863,0.4193364697739637,-0.9288460170127683,3.2870032706964984,3.993261463915103,35.0,c,w
864,1.2035365819066925,-0.8837104358968152,,1.847139095698832,39.0,b,
865,0.3432337984000757,0.2304966212117137,8.730035955161274,3.9548002803165683,0.0,b,v
866,-0.11569420610853674,1.7337626915215416,1.609546702602801,1.746500654553681,14.0,b,y
867,1.1396129405734439,0.060144677283016076,0.3908998739891716,,,b,w
868,-0.69431881043883,-1.2791614153543305,6.1513097505129775,2.9819487787559886,0.0,b,v
869,-1.5298329082032702,-0.6058684461632928,3.2986766808241788,5.9856435015831,10.0,a,v
870,-0.20059781493093154,0.2026641644634616,11.341123695938881,5.028430619990868,1.0,b,y
871,0.5350451917039986,0.2402024285639563,20.27948094462683,0.5188207759399222,0.0,d,
872,1.0389367614364335,-0.7040876355923733,2.5467115435655914,9.422337194911663,30.0,c,w
873,0.5305025741679322,-0.6257906937796218,2.6844708431371127,5.272259782504833,43.0,b,z
874,0.8358210687248578,-0.9815679945563983,2.6209273707180425,3.250576433918153,15.0,a,z
875,,1.1411711838537955,1.961911140094643,1.5812656963306826,21.0,d,y
876,-0.3393770062981106,-0.8347751792933896,7.609129569748331,3.3852663472683577,41.0,d,y
877,-0.14793930190758986,-0.46479420391828385,7.114703813100176,0.20511603023389502,17.0,c,w
878,1.2871677931498755,-0.49325291652395237,3.256619195060079,3.635581553482977,46.0,d,z
879,-1.2101570242306874,-1.6059572475153914,0.2284462708105395,5.314859273045048,16.0,d,v
880,0.42913286152229496,-0.8634153048178157,1.8521259590468995,8.718662458509447,29.0,d,z
881,-0.7167088289170213,1.2281375992865382,1.7286965438865813,6.873744176977976,9.0,d,y
882,1.1002616032309696,-1.209287841790728,8.332349953045222,1.115823131332414,34.0,a,v
883,-0.017935480575139696,-0.9636423018263676,0.4582500856869021,1.477463244379611,20.0,c,v
884,0.007593935378123897,-1.3325457737792592,8.191126072142179,4.281233678183747,15.0,,y
885,1.7288798873966862,-0.09061156023126084,5.5309594903340376,1.9570775163878784,5.0,d,v
886,-1.0760427794486462,1.8854767212662902,6.592084461084299,0.2784977758275575,2.0,a,z
887,0.21581947321860304,-0.1326942215270716,2.8300463048516926,8.050148801180702,40.0,c,y
888,-0.18012613109782097,0.0667621253543897,5.69288881306179,0.19522570697994124,,b,w
889,0.5324113160430312,-0.7954472358669886,4.695608745601748,8.306896051980141,20.0,c,y
890,1.9293307866889464,-0.06161804479227241,7.326259185971878,1.4410396303296602,12.0,a,w
891,-0.6052415099251824,,2.959905757587033,9.74678410807116,17.0,a,w
892,-1.1973977123540451,0.1429093876381736,3.2011195131031123,6.038739118261901,23.0,a,y
893,-0.8093274256820062,2.1317700820621637,5.158174352574665,7.349829716298954,26.0,d,y
894,-0.2328180822209189,1.2594797123056911,0.5718801324185143,1.1048362796806488,3.0,a,w
895,0.06423083370332693,-0.08631634544493307,2.865672702614737,8.621040734514802,21.0,b,w
896,0.11452879578658232,-0.10578787559211524,17.868983907534428,8.391923428715383,23.0,d,v
897,1.8026609511754337,1.6309231376236313,0.19137786400809137,6.529927315417177,39.0,c,y
898,1.6248390446548415,0.137325575855229,1.899021330794271,5.0227486459538735,44.0,b,y
899,1.3029464890669604,1.4089215602717229,1.8851887510375698,7.214891731316725,9.0,d,v
900,,2.002907340126667,5.0182943065860455,0.05928215336878151,1.0,a,y
901,0.8240984566626314,-0.20421936782410927,0.5591310856642036,5.924407553984594,39.0,c,v
902,1.10835508351264,0.35195536593501564,4.951624718648919,8.474061349292366,5.0,a,v
903,0.8047705218937661,0.9800041845663794,0.4993240053960954,3.5689988717475485,47.0,b,y
904,0.6409053137937868,0.7675000390225197,,1.0828935648291682,17.0,b,z
905,0.39439652418284166,0.7604907329205013,6.513137736546152,4.2087724974320615,16.0,d,w
906,-0.39685704491532053,,1.9588109211260816,7.271044490585069,37.0,b,y
907,-1.2467782478378646,,18.954106370605523,1.0730121037067253,44.0,c,z
908,-0.1306539689621132,-0.4952670209411876,0.19034215589099035,2.0604856021288995,22.0,d,v
909,0.5657736996720634,1.2144208034686759,2.9448968529261803,1.4755184682869993,45.0,c,z
910,0.07226190097399007,-1.235374907126886,0.6003178198435635,7.969477555752249,29.0,a,y
911,-1.065335694119256,1.5232267071788392,2.1645332847732544,0.6289262245248683,20.0,c,y
912,-0.16588304998337827,0.779834114078683,31.66259804961095,6.865865021144329,9.0,,z
913,-0.21800280858313795,1.154230224722774,10.984036350338984,3.6645692075319136,42.0,b,y
914,-0.062354641968780086,-0.9295330772449988,0.24765533934486117,7.557912428853023,,a,w
915,,0.07230236269013023,4.142038551554562,9.643834187840376,11.0,b,z
916,0.7062580369103023,0.29894278613131625,5.218097074605094,1.145452995864823,8.0,,v
917,-0.5000514509745525,0.25496700202269357,1.175667116776356,3.1438504106745846,3.0,a,z
918,0.9811211880125139,,0.7838864766301862,8.10125427718857,38.0,c,z
919,1.1316381196683123,-0.2765264803951116,11.736925711291516,2.6615838605117648,,b,z
920,0.3203019330485454,0.13520708106365942,17.33932146842782,2.151205970460409,33.0,c,z
921,0.6647502719530682,1.033563955065187,24.0750489674099,8.253779778689717,38.0,c,v
922,0.9842314424619487,-1.1665123084408902,7.797569902174625,9.870823640059703,40.0,c,v
923,,1.5470501189054033,5.445816398545025,5.568805901479657,4.0,a,v
924,1.054731334981796,0.9818989563684475,2.12117777071019,2.780487483333393,14.0,,
925,-0.7900608725979532,-0.9652018926833332,0.9400785628085345,3.9856596160005395,49.0,b,w
926,-0.6927016366283786,0.3838360434553216,0.41137089099877405,1.70130327383609,3.0,c,w
927,0.19628916781476102,0.9014987761580446,5.909384770348765,7.618872788907525,38.0,a,v
928,-2.1440401256746693,-1.2352933238856838,7.67915818292259,7.734740178227679,7.0,,w
929,0.17562030822576033,0.0419784333766009,8.756552912222602,8.751209923824945,48.0,d,w
930,0.9817809469558025,-0.07851530083500619,12.253395947751741,0.2660256359656388,44.0,b,w
931,-1.6459238464460166,-0.6455805425068946,10.598383693595965,5.619813416263792,23.0,c,w
932,1.0890093245464512,0.09235683676401318,41.29867119349373,,27.0,d,w
933,-0.698787618527455,-0.6002865759627902,1.3989928848948159,3.408830154923571,42.0,a,y
934,0.20686178049280077,1.374307068970737,7.204969677007088,7.849556152865075,26.0,d,v
935,-0.553574507005462,-0.6266443213274101,,1.9203365236149617,,,z
936,0.5729184841290459,0.7919789400131583,1.5139456069410793,,33.0,c,w
937,1.0249475561637635,-1.6553863876201644,20.06068716476804,6.545661912235982,16.0,b,y
938,0.6470103643824976,-0.16180980384996124,11.408919957688434,9.540939149023007,36.0,a,z
939,-0.003981149493700086,0.012311157351358851,0.6877869644589436,7.75160928528937,37.0,d,y
940,-0.47585533659342516,-0.19429105061553062,0.13253278837974014,,25.0,c,w
941,-0.06930202937111309,-0.396318297195391,5.829063945978085,5.316007490178935,23.0,b,w
942,0.6559714649596418,,4.633354964984247,1.8678080716237067,38.0,d,w
943,0.6902663991729188,0.754540780014903,13.729977320609057,4.255633657183516,20.0,c,w
944,0.5508265821761223,0.99945785509538,1.3329000578174983,5.494895735118204,29.0,c,z
945,-1.2825775415570444,,0.44081263961205047,6.784192517137123,,,z
946,,-1.0966375080216397,1.500226474003301,6.077091118319272,47.0,a,y
947,-0.6334289641971518,1.7939493313868278,0.09554530595229192,3.9397782891724353,12.0,b,v
948,0.6649290199058278,-0.8797974329078807,0.18276368303231968,2.6531310699584143,36.0,d,w
949,-0.7649717533785967,-1.4594222584831473,12.317162743311766,1.682308432036831,2.0,b,y
950,0.4520537580842248,-2.01262191651977,2.1694508661898775,6.938453862722663,31.0,b,y
951,-0.28218776081452973,0.09945189691266046,2.6450243558654076,6.45398674312485,34.0,d,y
952,,-0.2174163855152364,0.09271254603719914,6.873724657578066,18.0,b,w
953,0.9309592858879975,1.0309566491463393,1.5771288388318552,3.7252745280279487,13.0,a,w
954,-0.025287221863957748,0.6110845634455472,8.166757476109176,2.62407822570745,47.0,d,y
955,1.2759772957656916,0.29020122458503783,4.778939891963666,7.597213286809254,21.0,d,w
956,-1.6653090786776372,-0.27136719546274957,7.007661375115611,7.736473950553341,16.0,c,y
957,,1.1099772721976666,2.9639193177787266,4.556163739668406,3.0,b,z
958,-0.21640442095986473,,1.8533566306388831,6.119040847673242,44.0,d,w
959,0.2702062912383115,1.0089791991299037,3.2967257380213506,3.735196642317412,39.0,d,z
960,,-0.46353163084920995,1.9509449353436423,7.019472001198067,18.0,a,v
961,0.5440378567737789,0.7815655538821751,9.13085703173292,8.357215966478712,36.0,c,w
962,1.9116624062810332,-0.40208972546721494,1.7667859516808273,6.882332773356494,1.0,d,v
963,0.4745373464655318,-1.1050673158599744,5.390573638781251,5.125826268471365,,a,y
964,0.09287240182351211,-0.8990390621219452,0.736599941188994,4.586579594923704,1.0,d,w
965,-1.3774574070253736,-0.35817840413774565,5.805628208975674,6.423196509757442,10.0,d,w
966,,,12.226490343943224,6.798108916013303,44.0,d,w
967,-0.05584490082277285,2.060581152575459,4.689910931066562,5.58729443524539,22.0,a,v
968,-0.5297764708428292,-0.8816894756118676,4.1032596216700785,6.24942275107395,9.0,b,v
969,1.0262564262709848,1.3234884896913282,16.236153768067823,,2.0,d,y
970,0.5337032009686378,-0.31725955169256903,4.936202879325115,9.517655161423267,4.0,d,z
971,2.6923785876469704,-2.0163849874453437,1.5024887732356407,7.90773063732034,2.0,b,z
972,-0.9808584364242914,-0.5057260029303379,1.7293181571447214,3.739278697067838,,d,v
973,0.03311461139173281,1.1766969931676907,6.10909964742742,5.6281261095363,12.0,c,w
974,-1.3834923725342911,0.34466951932923584,6.648371678888633,0.4732453013642135,41.0,d,z
975,-2.2224407745903245,0.4044511986639568,1.8084103778365703,0.4122781399906039,18.0,c,z
976,0.7227209794531527,1.3285040088443802,2.118226692148139,2.507983351119627,39.0,b,v
977,0.49661538296735624,-1.0363362889357277,23.58414622337706,6.897016423646233,49.0,a,y
978,-0.8545904346457899,-1.0517504300922502,0.5376618598243866,8.521477478000117,34.0,b,v
979,0.09302961959342355,-2.263728609296424,2.592987302345543,5.591858799798484,23.0,d,v
980,-0.6292675989255446,0.8770820712427847,0.32241277990495526,5.321327395823524,23.0,,w
981,-0.49420745484327605,0.5624842336296031,8.604036727599937,4.0230953379146595,16.0,a,v
982,-0.32028461276627407,0.7239665195911139,0.48445926414932533,1.6159795595802118,39.0,d,w
983,-0.8965651774042779,-1.1830112240567805,5.604402318532895,1.1835410132658752,9.0,a,y
984,-0.7166499098199567,,0.290706728520491,7.60679761220966,1.0,a,w
985,-0.688435443944254,-1.3196183084333326,5.586759484335008,9.275035512965756,43.0,d,y
986,0.4228788467533307,-0.9225722723587043,9.258724160390786,4.582832163862731,22.0,b,y
987,-2.7742201759848144,1.5539589089128543,2.5443171416898207,6.594456587156382,5.0,d,y
988,-0.22762926148480273,1.0001267237825018,3.6920460606139427,9.144576508809411,1.0,d,v
989,-1.0876818765376732,-0.45822064062032025,2.56699247051124,0.9011363293414454,20.0,b,w
990,,0.2992519932599849,,7.704814531190298,34.0,c,
991,-0.525653374083725,-0.6783622461477388,8.129447519630409,6.168168843755751,48.0,d,v
992,-0.014339709973157937,0.36427976078165697,1.5872888306823323,5.986371788298613,28.0,a,y
993,-0.21441186170669335,-1.1380957377419982,6.417667747841813,2.925404284815698,6.0,d,z
994,-1.0640605097982043,0.7502514459739312,1.15460029596616,6.838933547776769,28.0,d,v
995,0.7216965184455768,-0.849703297584393,1.4374357644380313,7.947977548207765,36.0,a,z
996,-0.9026039868604906,0.8059150285431569,2.050839463757182,1.1285816494369716,22.0,b,y
997,-0.7347062559261178,-0.42742290819434203,4.447713085818727,5.335214309809838,32.0,c,z
998,0.2844917858945168,-0.7900759535982739,3.0295504042005,1.0126518098740966,7.0,c,z
999,0.3203685642927417,1.6129967172496562,6.835298884036546,8.725740192976446,11.0,a,y
