ID,2nd ID,A,1,B,C,D,E,2
0,1,1.2399681422446458,0.248315370086863,11.128861475087534,4.184911388577373,14.0,b,w
1,2,0.6367606482059269,-0.21820176384525392,18.21061311806879,4.597632783038512,1.0,d,w
2,3,0.8478316968341406,1.5891746714710888,,7.955868298803433,11.0,c,y
3,4,1.6695774120919324,-1.0041833091634105,7.909008580223306,1.3530895032282797,27.0,b,w
4,5,-0.8755620165621257,0.5240210788669274,1.477170687026967,,0.0,b,w
5,6,0.31244436756302135,-1.1428066155920589,5.235719817432924,3.136383059549682,21.0,d,v
6,7,-1.199133528408863,-0.49326053423200117,3.4362901589796113,1.3480483781010144,21.0,d,v
7,8,0.04752260243469586,1.5681109359054604,0.07936276659628151,0.8663542064933061,45.0,d,z
8,9,-0.8674755793125621,-0.5310539929084526,1.8309835835080652,3.173608971541179,27.0,a,v
9,10,-0.28272536067379544,-0.26605154639316925,0.9047302087665942,6.37667808863717,20.0,c,w
10,11,-0.51383393986231,-0.11060956930105427,2.512143028453388,2.8092815652424177,46.0,a,y
11,12,0.7664375802324818,-0.5460673659880464,4.045892064474364,3.107288140442197,11.0,a,y
12,13,1.8808614912472197,-0.8631002390720743,3.795572848291362,4.035635497654288,3.0,d,y
13,14,0.9986006691867731,-1.0730849299429168,0.6954492121572492,2.0914083002022066,6.0,a,w
14,15,-1.1334688147890346,1.3946591328286317,2.5204500956623024,2.8792235601024263,33.0,b,y
15,16,0.5045729787776135,-0.35334548986126635,,9.559628668347882,39.0,a,w
16,17,,-0.11375719954844915,7.65820446256209,4.8507857136092465,33.0,a,y
17,18,0.6516167564556524,0.5116277196487828,1.4641182156152497,8.036927315756632,5.0,b,y
18,19,0.3855025568731784,0.03709897184590424,6.75820005048866,6.504761454857132,7.0,,v
19,20,-1.5255563331418822,0.8375593275650431,13.676842954111269,9.451038681434557,36.0,b,w
20,21,,0.9871951898922074,5.847174052565332,5.846184381016776,13.0,a,z
21,22,-0.041388377066098464,0.5687768854549897,1.7769223464442008,3.194824882434811,35.0,a,z
22,23,-0.012514151432352247,1.447927609007308,4.158357990014846,4.532114157870792,28.0,d,z
23,24,0.44621894368636894,-0.6898009853834767,0.49096886992299443,4.42841255511618,28.0,c,z
24,25,-1.1815502790591563,0.5555903112939966,,6.701260218421722,11.0,c,v
25,26,-0.6832222234283128,-0.36625276511741,18.464936252467496,9.608670380037573,44.0,d,w
26,27,1.2198667153247753,-1.6357883829649706,5.661719046051122,9.268280038598187,20.0,a,w
27,28,0.25380639433386054,-0.27154597307020356,0.06557909380193268,2.3261636917235373,41.0,c,v
28,29,1.1425372495178507,0.7922819646419531,6.852199088901409,3.7321902792968,26.0,c,z
29,30,0.9092390386960212,1.1149380758387926,4.402489987405518,7.432132667407023,41.0,,w
30,31,-0.056811313250324416,-0.814153144746689,1.4284511539229299,5.052489139965852,10.0,c,w
31,32,-0.3721903132426601,0.4369875199295371,9.976051401232462,7.969357785133325,15.0,d,v
32,33,1.182953687373534,1.9983093976044344,19.72492598339886,3.097497551690757,4.0,c,z
33,34,0.6349518503839089,0.9216003795819696,1.5339125380135712,4.9465866374895455,38.0,,v
34,35,0.44404494800132743,2.7502711073811676,3.122839937548062,0.22206977678661088,19.0,,w
35,36,-1.6193010466125113,1.5722854275070877,3.250807993479577,1.711724273803772,48.0,c,v
36,37,1.3019342001745748,,1.1037577254906072,8.421388582374915,44.0,c,
37,38,-1.0334332420854997,0.12374472901687267,1.7442261803384207,7.860845179850953,3.0,a,w
38,39,-1.0311352056623724,-1.3745475707550667,9.831137152503377,5.2053288350201115,38.0,a,w
39,40,0.22347516110023466,0.9597404769948997,4.861709870527966,4.991434842108786,31.0,d,
40,41,-0.03212398283775403,-0.7387169727105641,12.33439185114469,6.680577649418083,25.0,c,z
41,42,-1.0670371577981903,0.7638341722363842,4.133175330498743,9.56058071692253,47.0,b,w
42,43,0.48704360981246886,0.5564231979592074,,5.001229874558561,26.0,b,w
43,44,-0.4073277546547307,-1.324378879713182,17.700063327809502,3.19610052142988,35.0,d,v
44,45,-0.24999600341759334,-0.22256562601536312,,0.5025504349030407,30.0,c,z
45,46,-0.5020944328961756,0.2812208563171879,0.8992882770257646,,39.0,d,y
46,47,-1.585888399550198,-0.8635858246612739,2.702365466725745,3.406037876971433,26.0,a,z
47,48,-1.483264280059162,1.3657217984084709,2.1949873081020312,,47.0,c,z
48,49,0.8365559255194757,0.009329035768319456,7.537696706526428,9.714757070119001,29.0,a,v
49,50,1.7159563007318006,1.4609953453429723,21.94257669354107,3.3415149455599202,9.0,c,v
50,51,0.7882499305186667,-1.6432121813739478,1.5713128442232285,1.6945084200782523,31.0,d,w
51,52,-0.42997793595010153,0.7604420911646156,2.432248542490317,8.29467462254815,30.0,c,w
52,53,0.28134457991751743,-2.0412835569878287,14.147816285777282,3.3962569968034395,7.0,a,y
53,54,-2.4011716326910846,-0.6098609220036683,11.416423804505824,4.521520068107262,48.0,c,y
54,55,-0.48812223640692665,2.111016223612893,0.9783087182431474,2.2880634903375228,13.0,d,
55,56,0.5287192892411474,0.4083069294186717,4.949843142050332,6.6221058994104585,35.0,a,z
56,57,0.5614562843416496,-0.5148540224706091,3.9912456275841155,0.4033899573881661,38.0,b,y
57,58,1.3581101611621824,-0.6899609592512304,4.67578399050407,,31.0,c,v
58,59,,-0.027468722064918655,0.8510179453600062,5.233206829767948,38.0,d,v
59,60,-0.6106001022701052,2.8941838360063796,5.968529586671631,9.267932836430484,17.0,b,y
60,61,0.29131026312206354,-0.5402654616222693,2.103567918096929,9.7948650995791,21.0,d,v
61,62,1.6302796185188047,,5.4278217995820945,7.432486969560551,37.0,c,w
62,63,-0.351730462401124,-0.6688188043358774,13.359221725773871,6.290780694678878,36.0,b,z
63,64,0.07236203801582455,0.09904992835786523,8.08180123139861,4.110223621390245,40.0,c,v
64,65,,,4.285866245439566,6.0376369219945145,6.0,d,v
65,66,-2.8654477193610686,0.6219090135847571,1.5518408256914458,2.142227125488941,37.0,d,w
66,67,2.2619889319496664,-0.6046940764844764,0.15531416023042174,3.4517307944491025,5.0,d,z
67,68,-0.27287763613320254,0.008733697670132849,9.595766493793148,5.584893023186357,49.0,a,v
68,69,0.4671592765057837,0.753195722900167,6.267386053426382,9.71665790301915,46.0,b,
69,70,-0.8664810198557359,,0.8352317298976777,0.2867235214803021,17.0,a,v
70,71,-0.031041380180034172,-0.8079432234120966,0.7156737496421451,9.044982145467117,10.0,d,z
71,72,0.44643873064278666,1.0964412730602282,1.182127309439859,3.8403570413203356,36.0,d,w
72,73,,1.1685138058786153,2.316446662228741,9.877375453571112,18.0,d,y
73,74,3.415858845224933,-0.11975872294727345,0.03847880892288719,3.269923819344971,41.0,c,v
74,75,-0.14941920260545485,-0.5465784929568376,2.139797574610172,8.140757374858014,14.0,a,v
75,76,0.37513502516107866,-0.37902999851736385,4.159313905728142,7.886147910117423,19.0,c,z
76,77,0.014733221662932672,-0.07753533930304371,3.9359504644456003,2.712488540984509,1.0,b,z
77,78,0.06553244062400229,-1.9651313180380547,12.702669123479138,2.9003233181299084,6.0,c,y
78,79,-0.6046590253651557,,0.4173872187031736,4.210430935911015,8.0,c,v
79,80,1.4315724568824242,0.8691380887932788,3.967914795659866,2.8529810530087616,47.0,a,w
80,81,-0.5641153756035713,,0.45048128626111805,,12.0,a,y
81,82,-2.546456132647725,0.010587857421685781,3.4411508352317304,2.2231182285545725,27.0,c,w
82,83,-0.002691946914602997,1.0472190815756932,9.125940151726507,5.030233987752332,30.0,b,w
83,84,0.5008903260796875,-1.669591013458344,12.252178101663677,,42.0,c,w
84,85,0.32539367540940933,-0.28176403255272164,0.6248749505512022,6.401983477107888,0.0,c,w
85,86,-1.3125219701930084,-1.9901000496137737,20.268872719504287,3.3543461004665422,6.0,a,z
86,87,0.5378494888225716,-1.935247777587981,0.12734049291811644,8.62149962702657,3.0,b,z
87,88,0.15077037033772317,-0.7011216976059372,8.218671864748893,0.7679887169306032,23.0,a,z
88,89,-1.1726359565412938,-1.7132384519100539,14.496388693402363,3.931980635739926,33.0,d,w
89,90,-0.6460744109774862,0.48498182087942393,0.9019128294943886,8.008546643924932,,c,v
90,91,-1.3476582543595979,0.6744657955397672,6.175348903793623,5.15940686023745,20.0,c,z
91,92,-0.031926180034427334,0.37985956700757995,0.5450434533904152,8.749834039071045,3.0,a,z
92,93,-0.18483072609134624,-0.7405323858739188,2.9665591647275864,9.20378669104135,30.0,a,z
93,94,-0.3059394670152788,-0.14035419072242705,0.7888541633597748,,23.0,a,v
94,95,0.7304171839951434,-2.4271968472135654,1.7387150402460974,5.977983969259092,27.0,b,z
95,96,-1.8175648304876022,-0.21147804083267507,3.834042808734903,9.491276479268043,11.0,c,v
96,97,0.3650952469645116,1.2774525276876856,3.4849934093753476,2.672171805146528,24.0,,y
97,98,0.820579956740012,-1.589011183799158,0.34135140368931727,7.1713266415018975,49.0,a,y
98,99,1.2165489033095729,0.0993140799030304,0.4485688772551102,5.796937503634345,6.0,a,w
99,100,0.29214537994102724,1.000437647988889,3.3488960552094573,3.1878063785142574,,d,w
100,101,-0.9556789874935575,-1.576037297588584,,0.12504322188994,18.0,b,v
101,102,-0.7692385094909917,2.0663328945668304,2.4715133233069304,6.594745493274425,27.0,a,v
102,103,0.0812250609583607,0.625528163869564,3.4563839416288906,0.686834196269217,10.0,d,y
103,104,-0.599384614104428,0.2642294545190701,3.525718604347525,0.5473192911790603,49.0,c,w
104,105,0.5098684169566162,-0.770362071268172,2.724192053370214,8.56408303826997,49.0,a,v
105,106,-1.1501164221776234,2.4988150058764975,0.7981642961931755,,0.0,b,y
106,107,0.9740177503562668,2.393213168963854,0.41600452753915085,9.232629336329973,21.0,a,z
107,108,-2.0226795992668176,,7.86434795800149,1.8892386816951123,30.0,b,v
108,109,-0.45921103837592625,0.7341092170079903,1.4789685082915136,8.951646528341922,20.0,a,y
109,110,0.10502436699444287,-0.6877024683571449,6.7414625473212,3.7024768633064453,24.0,a,w
110,111,-0.9359210880377714,,9.981237952514327,5.974220383144509,19.0,b,z
111,112,,-0.8332634836684771,10.994101898246196,2.228551415938048,,b,z
112,113,,-1.1229030351390297,3.0592953209326517,6.16838510942853,0.0,a,z
113,114,0.3977460854335674,0.3842705430655031,0.10294283988587839,6.055031395554393,22.0,d,w
114,115,-1.8494803352248361,-0.06623393553314212,0.091943406272539,2.169171877391446,8.0,d,z
115,116,-0.07416581076409419,0.8155415522705043,1.4971597892897934,1.597160144866141,37.0,d,w
116,117,-1.0824076342704947,-0.03496724569592337,,1.406224625111816,27.0,a,z
117,118,-1.520496514498963,-0.7184087893281722,0.9421054719909715,2.7966837537537215,23.0,c,z
118,119,0.07975214223359264,0.40704066660994953,1.9239912781138417,3.2349512133444347,47.0,d,w
119,120,0.3020003090136154,-0.548818310988406,21.315829027788205,9.944603534745779,0.0,b,y
120,121,-0.028726420281445682,0.3797768837643837,,6.976117292868454,45.0,c,w
121,122,-0.1782376694682616,0.03199055114998505,4.326143726020029,5.615575796641256,43.0,d,z
122,123,-0.6441784973859627,0.589945740680307,0.15159959679726687,6.241656230782535,10.0,d,y
123,124,-2.0328638947242386,-1.3709065890591134,7.530112235493349,4.961846570427772,23.0,a,z
124,125,-0.01762054757132703,-0.7104542148090325,12.48375046257509,3.9197847974081776,31.0,a,z
125,126,-0.26805514170102873,-1.7313269782489726,1.4954391592863354,8.956710137498916,10.0,a,z
126,127,0.745505170606287,0.41378635230938776,2.374683130675725,4.505266132762679,20.0,d,w
127,128,-0.09011245206088045,0.6012557306967704,2.3680933535050657,5.963772625052562,44.0,d,v
128,129,0.4511539966940081,0.9883613595467942,1.6932983481064803,5.494800363083968,,a,
129,130,1.0692635983998835,0.8396870918871308,1.929026309482852,6.357690347070246,42.0,a,y
130,131,0.02155756707882965,-1.332140966994785,4.179218309131331,1.3435099210723112,47.0,b,v
131,132,2.442592889876714,-0.614964834796605,5.4469638869962775,6.143459166968511,41.0,b,v
132,133,1.1158681791732552,0.772638655283192,0.1394366200404837,4.883788934570573,21.0,c,v
133,134,0.0210504706611999,0.7606340579647253,6.251568731686855,1.6923329478211857,17.0,b,w
134,135,0.12718922283273212,-0.42702141098707624,0.16148734074607352,7.537383095925141,39.0,c,z
135,136,2.288427145775975,-0.484260599415345,0.6843778064075303,3.088364417222892,23.0,d,z
136,137,1.3173697857697757,0.49217961563701473,5.692616949547519,9.841351986563279,7.0,,y
137,138,-0.06253260792985373,-1.6599900876085767,2.8640203897740877,7.175371759908263,16.0,c,z
138,139,-2.1151260570615396,3.2044961486650143,14.719440204002849,7.63887664865514,40.0,d,v
139,140,0.5899750398446073,1.222283652830409,0.5258774990514542,4.742621436495611,14.0,b,z
140,141,1.103022420372007,0.325133250092149,,9.97497017737818,24.0,a,y
141,142,0.5694172029802521,-0.6336100561420912,1.3004057471051382,0.6375395311578791,23.0,d,w
142,143,0.729916840404382,0.7031150098671246,4.961902412577203,9.875689118471197,0.0,c,w
143,144,1.7778051803986303,0.8919972032955246,1.1408088279680393,4.411901361775099,1.0,d,v
144,145,,0.3673157313320813,13.467263866882602,4.687817953280975,,b,w
145,146,,0.5768211311651046,7.532494492092212,8.384227835284685,41.0,a,z
146,147,-0.23065173770517314,-0.9176766141761229,4.516392357890843,8.821674069289566,32.0,a,z
147,148,0.89285091363651,1.7284366534247664,6.318655957042747,,21.0,b,v
148,149,-0.2901552869865333,-0.8952036046432562,14.305704750572712,5.714476341186877,43.0,a,
149,150,0.9888774917492837,0.6436359587240746,2.874832931360732,5.383167835188839,28.0,b,y
150,151,0.8137982814875052,-0.7909079378869306,,,12.0,d,w
151,152,-0.06998639910434776,-0.5970750453666042,4.879190739509542,8.719896915016887,46.0,c,w
152,153,0.8266591954713597,-1.1715155831543436,2.4335162040072857,2.3013692814208344,3.0,b,w
153,154,-0.4446878403022864,-0.41293083290766364,17.027942502778746,4.250660001945508,26.0,a,y
154,155,-0.8839041229739546,-0.9947160250426879,0.3645291908150234,8.20857782917361,10.0,b,y
155,156,0.14754290812570361,-0.08854160616843067,7.130780221481472,2.045828388097457,27.0,d,w
156,157,2.056496052394828,-0.06474166611114991,4.352356323009932,9.585655824538238,20.0,a,z
157,158,-0.33844832391439544,-0.20285733964833774,1.8480271714840326,7.554763706185053,18.0,b,z
158,159,-0.1762467681087748,-1.4299704104634943,4.051448960973395,5.372155919711022,13.0,b,z
159,160,-0.3331905945196377,0.8680564268826462,0.6175916459580418,5.77148676305341,9.0,a,y
160,161,-1.3790868066878044,-0.43867365150311954,6.140565949711259,1.554012575167546,35.0,d,w
161,162,3.2962155376707285,-0.28389487285893117,8.403289836243511,6.934426975372147,38.0,c,z
162,163,-0.39231149703401574,-0.3987227060161918,4.76591585548717,1.8044525721715332,19.0,a,y
163,164,-0.4829648185953638,0.26044840440192374,0.21381826862245976,3.330152677498167,5.0,c,y
164,165,-1.3230402158918801,0.7996587393312927,2.468009272473828,2.8803276787989773,6.0,b,w
165,166,0.9438172736075326,0.15301132195322892,1.0102947873909662,1.0569442564852394,21.0,a,y
166,167,-1.0285227751186692,-1.4650371314427788,8.418037462643284,2.9809475735240873,16.0,c,y
167,168,-0.5040448053308108,-1.1503091471558493,1.567752889352176,0.7820580521714515,16.0,a,v
168,169,-0.27717211114162343,-0.8948426117496642,13.394918359889193,1.6160038201297533,40.0,a,
169,170,-1.9977275367041145,-0.6563254473471557,0.6193962787994047,3.2539162680765834,26.0,d,w
170,171,-1.1152964121919529,0.14964891891950202,,0.38663929521694174,28.0,,y
171,172,-0.33831457871742776,1.1143319544198114,1.8168239614322812,2.387820232559912,16.0,d,z
172,173,,-0.42834759582768794,1.4726212388211417,7.926000891016019,,a,z
173,174,1.4346475727769503,0.09039081260442877,1.9096426939848345,8.13577342415677,43.0,d,y
174,175,0.27740526737440385,-2.19032504642925,7.185856492749247,,21.0,,v
175,176,0.4830907601595304,1.6726856430442496,0.616722597695756,9.005939275283056,0.0,d,v
176,177,-1.4634444133609945,0.012628994983942382,,9.52293698630845,8.0,c,v
177,178,0.12167544222101155,-0.5227506853565836,3.23007831336269,4.872032118163467,28.0,a,v
178,179,0.05669214114699171,-0.4504810412735803,0.556369230669943,1.756729762805801,27.0,d,v
179,180,0.13979608463270343,-0.5478087265124295,10.280593478378425,1.1464957130920173,5.0,d,z
180,181,-0.4725679910226878,-0.02005035620632694,1.070197080916029,8.239045365084042,,c,v
181,182,-0.1560063100721379,0.8379986389050863,2.0602100116649034,3.6820907753619214,24.0,b,v
182,183,-0.8426912143477481,,5.267894381510083,7.023239393120445,2.0,b,y
183,184,-1.8079412836105144,-0.373951980380386,0.6614496688136766,7.452169541782995,42.0,b,z
184,185,2.2060937848277615,-0.06336111250034328,8.382536534569189,7.152222121639139,25.0,b,y
185,186,0.4881760500764964,-1.1281661050874734,27.04886951344058,9.715681381472574,8.0,c,z
186,187,0.11384511649810314,0.40049369596214757,9.721332486880945,9.855806783525935,33.0,d,z
187,188,1.2149192038225056,1.094007232558596,3.016093952732442,8.773444498489312,2.0,b,w
188,189,-0.09698088447152059,0.40408982131026316,0.9655596997636556,1.3811271192929264,11.0,c,
189,190,-0.08248306290757455,-1.134375485082346,1.1504794920125396,6.083040273114204,11.0,c,v
190,191,0.5546677439926933,2.042818026574122,12.824052432969475,1.9193869928538543,43.0,c,w
191,192,,-0.418130686006286,3.65360631749481,3.930745742386849,11.0,d,y
192,193,2.294459126637083,0.8657277414202033,8.319463709245294,0.13200738819238778,2.0,b,w
193,194,-1.013581504569504,0.8647957604687333,8.469986484227352,4.245990681485489,18.0,c,v
194,195,1.1771060889589982,0.8352858462135778,,4.403004936183744,19.0,,v
195,196,,-1.0463840225262935,1.0664749484709082,7.362777194680516,4.0,d,y
196,197,0.21228596218683393,-2.460300496533546,0.6612122529470195,7.437733200308151,43.0,c,y
197,198,2.057744554938809,-0.1550765144388082,1.9571847793128527,6.729111201804012,44.0,d,z
198,199,-0.34894967735295257,0.4087397803202744,6.000818748461635,6.308598662031713,38.0,a,y
199,200,0.4221505143968505,0.9493784931800864,5.136032091458454,5.3859501470798605,39.0,c,w
200,201,-0.7012801348107939,-0.7517744203106246,,0.44844316795316086,32.0,a,
201,202,-0.3093988240597542,-0.4816955543685278,2.6824195897162477,8.796333051420069,11.0,b,y
202,203,0.15978451980701927,-1.247839271801174,6.357174010055383,8.057894665173091,27.0,c,z
203,204,1.2879602615177783,-0.7848132802650755,6.716272708397462,7.86439957288716,36.0,a,y
204,205,0.6757795051755109,-0.22081072712380787,12.109638735045628,0.8956371825489151,12.0,a,
205,206,-1.7093419931915144,-1.5116233102875134,6.0845896429433886,5.542691800166928,0.0,a,w
206,207,0.054769743441812554,1.1594530799176268,18.898545242518537,5.074206488913474,14.0,c,y
207,208,0.6489381646781828,-0.9484323539033628,0.7995034205233333,4.099407748271673,23.0,a,v
208,209,-0.717049490441328,1.6648991329454443,0.17805648993254786,9.579809641086813,16.0,d,v
209,210,0.781232443984419,-0.6888104594112915,4.469278184487985,4.088069465155942,46.0,b,w
210,211,-0.9619835677610642,,7.707371218994535,9.07690724159331,31.0,b,y
211,212,-0.15545011069972636,0.5166458592715156,3.545684422998487,0.8489685970804006,27.0,b,y
212,213,-1.3093888211510876,-0.42288451874297317,1.5979176368192132,0.868118054609105,18.0,a,y
213,214,0.19933686129009826,-0.06457241063230128,5.039535899560389,3.7861179589332474,18.0,b,v
214,215,0.5143002963099755,-0.2788726394106155,0.7773574177439734,9.164190388046555,28.0,a,y
215,216,1.6452732615002121,0.7952584122193731,0.37666078014916815,2.1756270814830545,30.0,a,y
216,217,-0.998842312259929,,1.807615528588009,3.3909244021005946,32.0,d,z
217,218,0.19694040609281124,0.14229466547716366,2.114421972301668,7.627009530883068,17.0,d,z
218,219,-1.4095222413569743,-1.326083232648374,3.7370213040014355,8.064906793530785,14.0,d,y
219,220,-1.0459808987731578,1.1714195117152504,4.47692037711264,0.534366931750897,49.0,c,v
220,221,-0.6681726746241468,0.11417356227950576,3.74605553408575,5.832363697135956,45.0,,
221,222,-0.7123122335685792,-1.5144651434565997,2.8386156322498444,9.545604207680764,3.0,b,v
222,223,,-0.08942650778056002,12.226421389001523,2.231489347002895,35.0,d,y
223,224,0.6744129990026548,-2.286402489618561,4.51190566652104,6.591599270695009,39.0,d,y
224,225,1.6207423418985918,0.13469707631869582,1.3493391356979998,0.6115741411914744,27.0,,z
225,226,-0.6104254656201096,0.4095345562443985,3.2990711207049928,0.4460011282450915,8.0,c,y
226,227,1.2719763586296586,-1.1257477874615773,7.1999844750845385,4.711314128993975,29.0,a,w
227,228,-1.5861102998829502,-0.38575993092066546,4.457260883479236,7.253021580308746,13.0,d,y
228,229,1.0004581904412775,2.464682655371141,3.7730368660330535,2.6895125806637843,14.0,a,w
229,230,,-0.7483258798983595,6.429424949293178,6.134880637960887,10.0,c,w
230,231,1.266994242665682,-0.16370380320113412,0.9143853811124502,8.908929692805394,43.0,a,v
231,232,1.4729481888788216,2.0253819318738353,1.292354148522713,7.779608344258378,49.0,b,z
232,233,0.4667479507461191,1.05119386502061,,3.4919322434994946,42.0,b,v
233,234,-0.9717124306664179,-0.7017104734927416,0.7650260428163213,7.196650122108794,18.0,a,y
234,235,2.4030260173069937,-1.5010904231813524,,1.8330789893748145,20.0,b,z
235,236,-0.9567297543202891,-1.2041001935221245,23.60742512717646,0.441786708723928,41.0,c,w
236,237,1.3523416098640417,-1.28557918724928,5.880360068915623,0.9902760497227281,9.0,c,v
237,238,-1.6659257825847587,0.8409498090694902,0.10592417820446058,2.2463701760899815,19.0,d,w
238,239,1.459524138550723,-0.31918275896104864,2.592971309041755,3.2424186112163813,14.0,c,z
239,240,-0.3881082584532948,-0.30752037064482474,14.287595468278715,0.8924914823345054,31.0,c,w
240,241,-1.1082264429282298,-1.1472057002386964,3.6365175031147428,4.484288756783258,10.0,d,w
241,242,-1.2736925671865595,,6.24992355142274,6.920369180747963,34.0,a,v
242,243,0.238668125161461,-0.41964572503607583,0.5202301254320801,2.8318838842864205,36.0,c,z
243,244,-1.3811196346578574,-1.0790492759461,0.3271283620493242,9.931063474174866,14.0,b,y
244,245,-0.43570735616276385,-1.257319398975422,11.584588004176751,9.460159466941835,25.0,a,z
245,246,0.12708849864495883,-0.9344016967617297,6.4266960302674905,6.846083281157242,0.0,,z
246,247,-0.8714217226473843,1.5687650379047964,2.576846606844393,4.01315173438756,48.0,d,v
247,248,-0.5217670079419142,0.27497083551056895,8.751436223502477,5.66663101533461,48.0,c,w
248,249,-0.35496078714063345,0.49974619913607016,4.085331110301691,7.9248117215191805,22.0,c,y
249,250,0.10119109221072987,,4.594703166385468,7.537061306805947,36.0,c,v
250,251,-0.2786902714390669,-1.3458215074234345,10.508638044580835,0.4518347338863926,44.0,c,z
251,252,-0.588185976358349,-0.2784656260251976,14.138014082180263,3.0558285745730407,4.0,d,y
252,253,0.5881411522552603,-0.6898229776636848,2.909137040683314,7.603001087324687,45.0,c,y
253,254,1.1882464849164627,-0.36243833117232593,8.911754396922195,9.401781329037629,41.0,d,w
254,255,0.3078583582613796,-1.9289708261236622,1.7786202080224935,5.070782703117081,18.0,b,z
255,256,0.5959280555204725,1.5275879323219337,17.876099407931317,9.73325434192112,18.0,b,z
256,257,-0.403499102729246,-0.20432516288525546,0.18922231938752723,1.3814937327994814,21.0,c,y
257,258,-1.2583580601296966,0.6142802811429997,9.607160897162835,3.209064607607094,26.0,a,w
258,259,0.4222006372070914,0.8607721867894021,1.8343634986415194,4.184512367333784,35.0,c,z
259,260,-1.097277724735429,-0.33894954993202164,1.3554774474547915,3.818077250115941,6.0,b,z
260,261,-0.35937474303430683,-0.24323266666421928,,7.490570540847942,32.0,a,z
261,262,-0.6480746271669617,0.5844095187314445,2.6739923593521384,7.024744396373167,42.0,c,y
262,263,0.723077327072992,1.3684370015223448,8.256374714761865,9.491227936359666,12.0,d,z
263,264,1.3449567842076255,-0.5673699514368473,0.7257662552870943,1.3153318475042053,32.0,d,y
264,265,-0.9478057452765151,1.2567983894428572,1.0845376836785576,9.879561230779787,48.0,a,v
265,266,0.5374116948077263,-1.3736151960669918,,2.0287471872800147,32.0,a,y
266,267,-1.9756745333287733,-0.6339752801285213,2.486364361585963,5.369046487873749,30.0,c,w
267,268,-1.1156384735684972,-1.9730349480167533,3.637086421051455,1.62774193025235,31.0,b,y
268,269,-0.2755470209911443,-0.8429688591023425,5.453680192452141,9.979513637172609,35.0,a,
269,270,-0.1783245675108621,0.5589559575045797,13.518028521029212,3.1795151707578597,35.0,c,v
270,271,-0.0675111228995184,0.8207386786524069,12.890480411853968,9.87094401886602,3.0,d,v
271,272,1.162512112874833,0.19727366377602873,4.622835252865928,5.361668363081142,30.0,a,v
272,273,0.7010695233767112,-0.08622632639882818,15.239646088196716,1.4471888284812362,,a,
273,274,,0.19655991650104845,4.660055612907865,,30.0,a,v
274,275,0.8750491202943871,2.0247288766271447,1.1490381365879103,7.282831880420343,40.0,d,y
275,276,-2.6885726955005866,1.0592672752912613,2.653517034362653,2.676629603680186,22.0,d,z
276,277,-0.4641634407142902,-2.601225674942941,11.465425196242727,6.592457292847087,47.0,,
277,278,-1.2232263032059714,-0.404037319910743,2.03016501816043,4.211990218846032,14.0,a,v
278,279,0.2040831168336954,-0.5909082706186796,11.177350483553559,,27.0,d,v
279,280,-0.7203226741668532,2.987770417973625,7.076858867785303,7.357033674070994,11.0,,w
280,281,-0.226143771757319,1.8234917362414669,2.9846832896407878,5.939736255673187,28.0,d,
281,282,0.08943453200183242,-1.1794079007472107,6.421181784924893,1.880819563411844,16.0,a,y
282,283,0.3598469886036255,1.8484485851661698,0.08409400626850307,9.08648397365888,22.0,b,w
283,284,-0.3446534002028756,-1.3507691127832986,2.2727630643104013,3.800855331621719,23.0,c,y
284,285,0.13774855873046107,,8.814273402874882,5.85289653493942,27.0,a,
285,286,-1.6615455137842408,1.3951515046917087,1.7910221660649408,,47.0,d,w
286,287,-0.2551020294778061,1.7290627282003792,22.303019819537862,2.4599191376147522,28.0,b,y
287,288,-0.6565397010998679,0.1207809423653415,1.3887190657099997,9.18751031492748,18.0,c,z
288,289,,0.1059279817861554,1.5320742124682973,,8.0,b,z
289,290,,-0.28341225942160203,5.118817609105282,6.232965454966738,2.0,d,v
290,291,0.23055554456365393,,0.3058853250845691,0.8690209828574746,25.0,a,y
291,292,1.1026685122095117,-1.9792937961192343,15.273337309625019,0.09695742883241487,28.0,b,w
292,293,0.058149418848476235,-1.6281910540569087,10.14176630010525,,32.0,a,y
293,294,0.6699705924873616,1.0555469960182742,1.1302520274830536,2.907504827955064,14.0,b,w
294,295,-1.581599832331683,-0.32945587346459304,4.4009844347422575,,14.0,,z
295,296,0.7763375097844499,0.5653044634930354,1.0399937962398091,8.28925512419137,44.0,d,y
296,297,-0.508866620631346,-1.826934187001721,,4.723312488199221,18.0,d,v
297,298,0.34833553004542445,0.3726536516405031,4.343921858240077,4.043883769659839,16.0,b,z
298,299,0.09038881761109954,1.2989176239291012,0.44320412479809734,8.149246963053553,3.0,a,y
299,300,1.155337567992307,0.9754722007984497,2.297515852143164,5.293191933604204,20.0,d,v
300,301,,-0.8589536318346207,3.963800997175033,8.232757856797305,33.0,d,z
301,302,-0.3245914990069007,-0.953538017339563,8.698791376922628,8.583324178488633,31.0,b,y
302,303,0.3380203095867865,-1.6784054694622332,3.717444516579672,2.986035235089032,5.0,a,w
303,304,1.666467687248879,2.1010122199196655,1.5555160034251645,2.852150771926029,6.0,d,y
304,305,0.12303384382982196,-0.1119634432432598,,7.450071924733269,3.0,b,y
305,306,0.8092881415109175,,16.268387566560964,0.6333213164697515,34.0,d,w
306,307,-0.5513216964394977,-0.6818399847414046,6.0409036456795935,6.080016186070933,30.0,d,z
307,308,-0.1385774904925567,-1.4391340663726977,6.971916590712333,8.094270790656733,34.0,b,w
308,309,-0.6813639306576766,,3.53182666009146,9.580760217687285,43.0,b,v
309,310,0.39416841508374106,-1.5533098968773302,2.3141389930974183,4.860499578828029,15.0,c,y
310,311,0.20686877175102072,0.47372730421255543,6.1142002176848775,2.3950830595231567,35.0,d,v
311,312,1.110986697584957,-0.3931861103794586,3.0222474358580618,1.9590948710506917,30.0,c,v
312,313,-0.046025030165309594,-0.27926794065194543,10.491086126566403,9.45130231705562,3.0,,w
313,314,-1.359678269686794,-0.9845505653250268,9.773621052037766,2.7637174718018933,23.0,b,w
314,315,0.6312221971483309,0.43367159725007876,2.6432019758421763,8.282680731927941,42.0,b,v
315,316,0.7470976770117677,1.4534510747987008,,4.459807865185041,44.0,b,w
316,317,0.05166882031149872,-1.328248968213646,3.0962717589759525,4.028614236010382,4.0,d,v
317,318,-0.43077148051059655,1.300705212157688,3.4272706392334022,0.21186060565427933,45.0,d,w
318,319,0.14421377238682515,1.432699698386729,2.933563067333317,7.570950286503383,,b,y
319,320,-0.666790364116796,,5.06909838511043,5.657395000483623,36.0,a,z
320,321,-1.7156277972844731,-0.7733946700911916,11.144344761171755,6.250529305162679,,c,z
321,322,-1.4323401338659405,-1.682226477512406,5.411505747874282,8.558473003600094,21.0,d,w
322,323,0.07070349258463762,1.1102279692002774,2.378603235852185,0.7561040971371102,19.0,b,v
323,324,0.1782967385766591,-2.241339073302924,0.6570264356443289,7.380265384643875,1.0,c,y
324,325,-0.14336350734030903,-0.2622726938659312,3.357720309744887,4.547758449795813,39.0,a,v
325,326,0.48372290502861776,-1.0455537921398952,1.6335120358390114,7.37285912905318,16.0,d,z
326,327,-0.884585772488669,-0.9670494568718364,6.336766581294526,3.0644258409798333,47.0,a,y
327,328,-1.94091624210548,0.3798263937114745,4.779745289691755,7.016938194468207,30.0,d,y
328,329,0.8876415132644512,,3.2631215594977023,7.583097979053494,27.0,d,w
329,330,0.057773575794853885,0.21797535098465698,8.973930568438874,1.3026375769351317,22.0,b,y
330,331,0.84267197025798,0.9327915763980928,8.987394628307376,5.314780879935929,31.0,a,v
331,332,1.9335120545602686,0.5551167455830592,1.4370758131404942,2.6532996365064787,20.0,c,w
332,333,0.5075753717732463,0.44851621813829123,2.450438439184273,6.83400824004471,13.0,d,y
333,334,0.7165447467273147,-1.4275772895092171,0.40012008269139526,5.622690004169969,16.0,d,y
334,335,0.08684815056443987,0.8390243349187556,3.196584532806673,3.1553973054194384,26.0,c,y
335,336,-0.9273598361904027,0.9413433725058697,0.6543425509169936,8.729025331413913,25.0,b,v
336,337,,-0.4158063780249191,0.304469059652247,,,b,y
337,338,1.8369309838811698,-2.4671436501853967,6.7119396087453085,7.663605158687119,18.0,c,z
338,339,0.38331955090202496,,2.277902944301563,7.016432722200731,46.0,b,v
339,340,1.2659403604056032,1.0649153408722858,0.901413763083782,9.207634516129719,32.0,a,z
340,341,0.814112237283588,0.12687161285284898,5.526623766024001,5.468207917831503,8.0,b,z
341,342,-0.20801587966394214,-0.1533395673989691,0.7244274766728427,3.3527325313526157,27.0,d,v
342,343,,,0.5757819794387362,7.63855576516629,17.0,b,y
343,344,-0.7887817089145752,0.020014980432170204,1.8766880672947794,9.143126451035714,31.0,a,w
344,345,1.0251214338858046,2.6061774847025156,0.47506084369470464,2.335889119623741,39.0,c,y
345,346,0.39552883026446883,1.090632760825585,14.182225952005822,9.725376426132591,11.0,d,w
346,347,-0.5747093887833844,1.2004441440564224,7.235943436494356,0.804267497278478,17.0,b,y
347,348,1.0820615295804636,0.6249228009673072,5.937208044772593,3.8613895994496517,20.0,a,y
348,349,0.051490446811414695,-0.5088759442469234,1.5799068475981999,7.983010672470929,28.0,c,v
349,350,-0.6229176489722419,-0.045120476778376925,17.900000277176677,0.8186619317444421,29.0,b,y
350,351,0.13588826073540486,-1.1510471087133884,0.15626820720281373,4.827145170037795,49.0,,w
351,352,-0.7162156925987394,0.5345105081035321,2.286267887303373,8.944492719397157,4.0,a,z
352,353,-0.8684929604588385,,12.742084301819297,8.654181008901546,12.0,b,y
353,354,-0.029693134631614986,0.33918837756567477,0.07524343177525868,4.006059053092081,8.0,c,v
354,355,1.8619554245514949,-0.03679137113058784,0.6323715834221922,2.7529270221619715,21.0,a,v
355,356,-0.0011071449243483613,0.47014017324165813,2.8891391345601662,1.3539090905522122,8.0,d,w
356,357,1.5106538003251597,0.3990249244068057,4.631989077305271,0.8593188215885461,3.0,a,z
357,358,-0.08957085775148609,-1.3154111802382893,16.90480912632043,3.1552807723201184,24.0,a,w
358,359,0.4758555190369334,0.21813079672466926,0.8977148237760191,6.1295567457272195,17.0,d,z
359,360,-1.437528757459487,0.36835417321663444,0.20270964340605868,3.3358733470864657,32.0,c,z
360,361,0.49392482975074936,0.5816534783723961,,0.8127852560738513,,d,v
361,362,-1.3101435737419365,1.6407703664621598,0.46418972321811147,6.236255507966705,47.0,c,y
362,363,1.426020791010349,0.9973580931870856,2.097374443336722,7.320331769596272,16.0,a,w
363,364,-0.20511431821571025,0.5908432541052644,7.671746195679086,4.193544983893566,44.0,a,w
364,365,-0.324729575647967,0.7392104454860291,6.083304810591712,7.030243448833576,26.0,a,z
365,366,1.241346298784789,-0.03549442534261435,0.8324121745367725,1.0124286067398502,16.0,,y
366,367,2.731660901444445,-0.3303715872907707,2.354223269022144,0.32644535817196507,16.0,c,
367,368,0.707385847884812,-2.894775661316166,4.38881932091065,0.5015923112308396,28.0,a,z
368,369,,,2.974695767510341,0.26027967037767885,18.0,b,y
369,370,-0.18842596909653808,-1.9544348843720938,1.857423650910268,0.10400932484856851,29.0,b,w
370,371,-0.0016365228340453446,0.5879600938102038,3.709822805620082,6.1437311317749534,28.0,b,y
371,372,0.29658586363045647,-0.5655954309564428,1.3488033623147568,2.154356395980619,0.0,b,y
372,373,0.8864835123046787,0.355501293939792,12.037861981141802,8.121685081462054,23.0,a,y
373,374,0.8844813261350619,1.4460564508151668,9.91913874066602,3.9603316911752784,24.0,b,z
374,375,-0.9294446654945201,0.7118701362604027,13.31464202138549,6.58060656854651,47.0,a,z
375,376,-1.4221177890043113,-0.14143501753534488,1.253680314728368,,19.0,b,v
376,377,0.9596348086199744,0.8167461012456172,0.366222993725489,0.6986424228112309,6.0,b,z
377,378,1.7240892667362677,1.2199328730554733,3.307874455643754,6.110232901136877,25.0,d,w
378,379,-0.936801300171883,1.4450862893015946,,,44.0,d,z
379,380,0.5529862682506476,0.07634647160639703,18.335031748429135,1.7158587923232183,40.0,b,y
380,381,1.7774084563480617,-0.767759994324655,39.35116828467666,,1.0,,v
381,382,-1.6350250121252257,0.7574564980220676,4.417170957962303,6.618138574096058,30.0,b,w
382,383,-1.4428475528751243,1.2944127970127461,1.2567348598533368,3.316356488608271,44.0,a,w
383,384,1.4782182915362594,0.09346676698278968,5.443389943413258,8.32960142349588,18.0,c,w
384,385,1.852212055635255,0.24401503134311664,10.671936348905044,1.2702294496247324,31.0,a,v
385,386,-0.6088617029226745,0.9822141366677571,1.6406901290788276,2.1507856780057253,34.0,d,z
386,387,1.2370320883394308,-0.3008037847097334,2.816884688567129,9.765580545793599,8.0,c,v
387,388,-1.1749968005219327,0.09219755063648435,2.5267356288703406,0.9005836359175245,2.0,b,w
388,389,-0.9658829144028851,1.6882962730787885,0.014811706782900131,5.931635150351586,41.0,a,z
389,390,-0.07069335290931827,0.23640646207340438,7.926223419190974,0.23463808499049388,34.0,a,w
390,391,0.9328522924651572,0.7649459749131492,,9.506642532707458,29.0,b,z
391,392,-0.08312726105294974,,17.768462249349504,3.933547555269019,39.0,b,v
392,393,-0.5157109759484779,0.4037671808970361,3.6232119553018265,,17.0,a,z
393,394,0.7572053299211703,-0.22942258472361834,0.044452758736981554,9.922097981022448,34.0,d,y
394,395,-0.644927909910571,0.6351260542901089,3.2926623764662093,3.382097499241521,28.0,d,w
395,396,1.814451505447381,-0.7260880064033851,2.1421680111225663,9.278934244202281,2.0,a,z
396,397,-0.07683557435330457,0.6024054395460519,1.986362363840089,,2.0,d,v
397,398,0.8204501751092824,-0.19589684923196082,9.150535262187342,8.798295278284268,49.0,a,w
398,399,0.6537493401954578,-2.4717553367631053,5.714065930607256,2.110388379885424,49.0,b,y
399,400,0.6233648117535305,-1.2899110079239098,3.9778855168842093,5.939401723799934,10.0,b,w
400,401,,,6.058708141104084,9.121387547560476,21.0,d,w
401,402,0.4157675778598742,0.4253207382499364,0.5544258480303867,7.999458071587016,19.0,d,w
402,403,-2.1878763380172312,-0.28889748225797474,5.029704214151003,,7.0,c,y
403,404,0.3765467394715112,0.16564799621340975,5.7525251000647915,9.065247076298782,44.0,b,v
404,405,0.7201975849682706,0.1453619936990636,11.788023755606364,9.493941941652588,,a,v
405,406,-0.22779377982832882,0.20520711080684012,,8.032383150524431,30.0,d,y
406,407,0.2669364859288673,-0.7267861305627489,1.8706761430757888,6.6396259304997365,46.0,c,v
407,408,0.254973920046406,0.01132637995579355,5.857183554558314,6.021561553665574,19.0,a,y
408,409,0.44705378906176924,,5.508129378965134,1.9668734488099004,8.0,a,z
409,410,0.5861209084078043,-1.05776856211145,20.679907405752967,8.460433673359516,14.0,c,y
410,411,-0.6732443773316258,,2.293390507973941,5.6058644718913575,24.0,b,v
411,412,-1.242632280302297,-0.2844370839454297,1.5558118168262116,2.4144340046873722,18.0,a,y
412,413,1.6626494165350056,-0.7670402708908162,1.4568854760835275,3.2005835709013075,23.0,d,v
413,414,0.027068458972046797,-0.213499159361424,2.657057939412197,7.2301168970303635,8.0,c,w
414,415,0.9829494113974276,,,3.9005580615660493,13.0,d,y
415,416,-0.6826594056386311,0.01248581638306511,8.478487255419653,8.799532917513451,41.0,c,w
416,417,0.3857583078454354,1.3428657908302437,16.5876458951957,9.750885356097818,31.0,c,v
417,418,-0.04351870591970486,-1.8133240458091158,7.194549307605199,4.189441677602418,40.0,b,z
418,419,-0.9612892206303594,-0.61011807868027,2.6011883202343595,6.9839726682150625,12.0,,w
419,420,0.9394635589741552,0.585705503057646,0.3962361065842906,9.85963876167083,38.0,c,w
420,421,1.6091625317022873,-0.2744591639071428,,5.378334887884404,10.0,b,
421,422,-0.6815541935582816,-0.30990537178984084,3.8070232574254224,1.3279099598445598,12.0,b,w
422,423,2.464460074547257,-0.828480428501361,4.261148882666126,5.06872687809112,39.0,a,y
423,424,-1.387082717619611,-0.32723705456098495,5.768920046567027,1.7590729834299745,22.0,d,v
424,425,-0.10732883975180327,-0.2386755677725161,9.641069800043455,4.151178849276455,42.0,b,v
425,426,0.8338066075856227,0.11397189292668439,1.771715289099724,9.946174091053827,2.0,c,v
426,427,-0.8528591443496614,-0.21997407581268322,2.1082338156400824,3.1582764136569095,6.0,d,w
427,428,-0.7745806357585644,-0.3413669450217942,8.969723233365317,6.181975283873074,28.0,a,z
428,429,-0.28863417617618065,-0.8364546368090644,16.846947873122243,7.413483192920536,,b,z
429,430,-0.0562124593541866,-1.6089875452641011,2.025499962323591,2.8008802615545836,26.0,b,y
430,431,-0.9995281031320984,-2.435579180949887,0.9270556900027959,4.453043013746006,37.0,c,w
431,432,0.8887409933543245,-0.31217409097378784,12.188054838095745,1.168126975012156,28.0,c,v
432,433,-0.21676833557753783,0.020188572961286313,9.90078815187723,5.017114013311586,37.0,b,z
433,434,-0.6886346902709156,1.274428658172403,2.6168280644612185,1.9171314843092224,13.0,d,z
434,435,-1.0619439698385504,0.16321299687698215,4.382303165463738,6.6727144560902305,24.0,d,w
435,436,-0.7252898890910945,0.8376965100265379,5.363274593522851,4.0678729805044425,16.0,c,v
436,437,-0.5386987226430902,,5.329105406287628,3.766513638295911,24.0,d,z
437,438,-0.6075608895378107,0.02423337930823817,,5.410344190316973,21.0,b,y
438,439,0.08979571204413697,1.0643939198404375,4.377934829422696,,22.0,c,z
439,440,-1.3940455616988556,1.6680343564403362,4.004201878013402,1.1747363956526446,37.0,c,v
440,441,1.6456980159786272,-2.092873886549972,2.8990307909434625,5.818822809544391,,,y
441,442,-0.6052270602548386,0.4190208763712857,3.7002464139520375,7.2204426890430184,33.0,a,w
442,443,0.43743586013847885,0.816109751819279,7.662126632757916,5.6694388363641215,18.0,b,z
443,444,0.20912902298972785,-1.2081025454079002,4.673543014141147,8.628170173618207,7.0,a,v
444,445,0.8762171582204937,1.0798977790778552,2.3256056770835527,5.86605923189004,17.0,b,v
445,446,-0.7037473031350214,0.32766421861731315,26.495311923499102,7.196726688109891,27.0,a,y
446,447,0.8714713798315101,-2.9123371368208653,4.0340999687468395,1.098108441235499,11.0,d,y
447,448,-0.12568728928453343,-0.6336760924698457,0.4933410098700035,4.355916653141905,11.0,b,v
448,449,-1.173477018215559,-0.5058021361038116,1.0419438889819055,7.865134193776365,7.0,d,v
449,450,0.558504416230915,-1.8045056528688854,4.523310902463818,5.28861373723429,38.0,d,y
450,451,2.1473482853223693,-1.0733508217710845,7.136504025704811,4.425306702566672,37.0,a,v
451,452,1.0352068579777547,0.17061506454666886,13.735861723006177,3.097588128301344,17.0,b,w
452,453,0.19455238864858515,-0.40502212255257003,3.0265476414684933,7.06585617953838,43.0,a,z
453,454,0.04321393131176843,-0.311179001626778,3.275940652533536,4.1192956282415185,4.0,d,v
454,455,-0.18756387342166467,-0.016848859190031484,2.854980629109449,6.571072234097899,3.0,b,y
455,456,-2.3238695471822295,-0.23767502263133217,1.1722300408580355,4.5291197367115235,15.0,c,y
456,457,-0.9074521169835085,-1.4686908024343976,7.181589721686823,7.5046154402132546,14.0,a,v
457,458,-0.017254738409691387,-0.1786185924256307,5.307600151733506,1.1248386690751866,43.0,b,v
458,459,1.3606273087416327,0.3438827044135343,0.2034867104492748,8.608368529529322,7.0,b,z
459,460,-0.9806668188641097,-0.5612146518925257,12.633138761333866,4.201101363605352,21.0,c,w
460,461,-0.5619133481704324,-0.46800071950020167,0.6539225046671373,8.140417233889176,,b,y
461,462,-0.5123818563726291,-0.1479652613795918,2.986861825897204,3.126159326484249,23.0,a,y
462,463,-0.13345619112828302,-1.607475695723685,,0.07845241108096701,47.0,c,v
463,464,-2.330859023558878,-0.13167284326674278,3.8363153328541912,8.309730668834098,40.0,a,v
464,465,1.8055403199071105,0.8089349955977027,4.812116911463066,4.263872422985113,39.0,b,y
465,466,-0.8974281548628684,0.6208362650296073,1.0057781046191774,1.2533562378028917,12.0,c,
466,467,0.3582804363816847,-1.5926407946287613,6.77909246707194,,46.0,a,w
467,468,1.1255266328366587,1.9679107795486688,1.0464065028614598,9.828447379648914,2.0,c,y
468,469,1.3192059871460908,1.2841845874024793,3.361763155405315,2.4318134035234493,9.0,d,z
469,470,-1.0640072286908777,-1.4264696761925983,10.800295816178334,8.120412421351306,49.0,c,z
470,471,-1.5379348217824758,0.49525988905776125,2.7714299574636296,0.39054016410699277,12.0,d,v
471,472,0.6235409940596143,-0.007450357015997666,10.477347426035914,4.152120093848635,4.0,c,z
472,473,-0.36468685179441046,0.34694427189250276,0.46293299475270805,9.990038028777278,8.0,a,w
473,474,-0.1157026723758593,-0.15329152554691797,2.2032302614981245,8.847704391843681,46.0,a,v
474,475,0.05737919573721627,-1.0055223257762915,12.442019575011612,8.1284561526488,49.0,c,z
475,476,0.7206417508850658,-1.1313539432206106,3.812020780611012,6.747846832289878,31.0,b,y
476,477,0.04436226300028026,-2.6585594651800415,0.42159820828793665,8.204426548505104,10.0,b,v
477,478,1.1684512681156767,0.12471614652021777,1.7763641885733938,6.471161805671968,44.0,,v
478,479,0.3126233946130265,-0.8571214077542247,12.701448738203894,4.6841710180984775,,a,z
479,480,1.3862743082137439,-0.20950521293360233,32.0954834104481,7.147665832370747,38.0,d,y
480,481,0.7637289740034872,-0.8943303437301143,12.912247082908316,8.203385568424546,,c,
481,482,-0.07026759720882268,-1.4022730725982389,4.290627410068868,7.653131233594643,8.0,c,v
482,483,,0.2651603279507432,2.0660919141004213,9.41845058920218,8.0,b,w
483,484,0.21446778492705626,-1.7171193524137538,2.4891441360679045,1.6238516381614043,15.0,,v
484,485,,1.7564886846769219,0.24930489387895255,9.447446178534701,12.0,,w
485,486,-0.44393297006010407,0.6776933089849567,4.505426911443042,3.2436445250870403,28.0,b,v
486,487,-0.07622757241228167,-0.33967385407597955,4.724265270200229,5.834094111167562,43.0,a,
487,488,1.4725057571966775,-0.8980168104160524,8.609606440928628,4.598935038552616,48.0,a,z
488,489,-0.0005668383374400146,1.025555200119345,2.8545588473771955,5.596637559465599,4.0,a,v
489,490,,-0.6891465090355716,0.9867668547447861,7.1778401532744205,19.0,c,z
490,491,0.9376121554561053,-0.40613196503486954,4.216379491748654,4.6628121055375065,30.0,d,y
491,492,-2.3862359666623734,1.8978420181892146,14.621160986249182,3.74671056202971,23.0,d,v
492,493,2.0369069603589427,0.9577271313230205,0.39467835109607546,6.130228462732841,45.0,d,z
493,494,0.6653111888021728,0.6070374814236603,6.0468487748768265,7.890458735495231,38.0,b,
494,495,-1.5176922281207943,1.7208904462234575,1.2235577920312408,9.43744794239715,13.0,c,z
495,496,0.9251395867376891,,2.867496828429868,7.1793808341653245,8.0,c,
496,497,-0.939776034168735,-0.17211876516995206,1.0014460417897468,0.582427029058129,2.0,b,w
497,498,0.17848427869527017,-0.34622491213720125,0.7141291335171722,2.0681177900554806,7.0,b,y
498,499,0.0025430483654294202,1.7835589234503983,,9.096484227337706,21.0,d,w
499,500,-0.5045865018054239,1.6812015710921095,3.943917576413876,0.8829913977686188,29.0,d,w
500,501,-0.3370430974263893,-0.3588245826083911,,7.403575618090793,4.0,d,z
501,502,-0.48630297114553145,-0.26441827772873555,0.3474104348507367,1.9829633086596465,3.0,c,v
502,503,-0.6644216608593471,0.2012811589062034,0.9554629921782282,9.829976505710764,1.0,d,w
503,504,1.560218109293503,-1.143117736867246,14.194113396554993,1.1030729335166867,1.0,c,y
504,505,0.13571190844676392,0.9493746087121755,,5.370998849856717,46.0,d,y
505,506,0.16045867661762736,0.6935815554528477,4.001986207204784,0.35713689408704896,23.0,b,w
506,507,1.772641768670624,-1.7932101536200544,2.788501059645455,,41.0,b,v
507,508,0.8281680777496668,-0.24103993999340714,0.9282736336705764,5.943852833605821,8.0,a,z
508,509,0.3008711969210625,-0.13106377918930817,4.500910525678251,6.875429784432354,15.0,d,z
509,510,0.09749031453752652,-1.844931776549706,10.151814864280833,5.686300782024083,49.0,d,z
510,511,0.23340595991594212,0.20697958852890672,5.4558296394888774,1.0880977092734334,3.0,b,w
511,512,1.02117109971073,,4.496688350207015,8.87926830175968,44.0,d,z
512,513,-0.16315342701973065,-1.6328232747813138,0.23510812625284183,8.549322959153052,16.0,a,w
513,514,-0.5483411643810252,-1.020670750041163,0.525901761891066,9.160289043417121,12.0,b,z
514,515,-0.21189541554144933,-0.8484546797145385,,7.714870211489756,40.0,a,w
515,516,-1.2644152028470064,,1.9097704657241166,8.449961617867901,38.0,d,z
516,517,0.2652253323794524,-0.3001652215376812,0.9658185971740231,5.642984797663713,30.0,a,z
517,518,1.731586875612015,-0.6549528886336063,11.491255831535884,7.116957303246485,34.0,d,v
518,519,1.7748909900693712,-2.33979282834262,0.694420302291059,0.5716172739071657,45.0,c,v
519,520,1.001907057980368,0.690073176398409,4.8536366391296335,2.476402600162041,8.0,b,z
520,521,1.2265016401593087,1.7019854362201892,0.1876146485526251,,8.0,d,v
521,522,0.22035481250877678,0.7157128220702704,1.4490442161901875,5.382410170478028,2.0,d,y
522,523,-0.40334235700957033,1.503335177955298,4.007113188745458,4.251158687187683,46.0,a,w
523,524,-0.729416646327422,0.07314921066026363,1.434852814208005,3.442800758188839,42.0,d,z
524,525,1.1983458491454502,0.33710177242346434,2.8565931386283157,4.843499916591075,5.0,a,v
525,526,0.6731321787681094,-0.7363083075705398,0.2226021377724013,1.4518464636197814,24.0,d,v
526,527,-0.6815110675800174,1.1265688642997767,9.673073607038784,3.1320991352092706,16.0,a,z
527,528,0.9413045277930727,0.8443485388399421,5.543650476117311,7.750323927829335,42.0,d,w
528,529,0.2622412740766861,,0.9841998280052713,1.5993429712219276,11.0,b,v
529,530,0.18663853740330447,-0.5848412900350386,6.325242770477364,3.730839581405755,26.0,c,y
530,531,-0.17660394087271797,0.16515717293826665,4.076914375743447,5.10470983617712,25.0,c,v
531,532,,,16.76690343410137,7.4182557682716075,12.0,d,
532,533,1.6898859424997128,0.5549179063992912,1.5951233096868578,5.561851749971016,11.0,d,y
533,534,-0.938015879889671,-0.5537071612844987,0.8517372536447155,4.062095493660532,26.0,c,v
534,535,0.48291994977733305,-0.7977017612030488,14.030838056922722,0.3843988675601129,30.0,d,v
535,536,1.378962694072477,1.3320612412861008,13.163475204896912,8.356407348323296,12.0,a,v
536,537,-2.931352163129583,0.8089931467951271,7.121978681224029,,24.0,d,y
537,538,1.3556558727223869,-0.20124032504850572,3.941306050458335,8.639724420300222,20.0,a,v
538,539,-0.1614730057462069,0.3783285202964704,1.7703322822515166,1.2683790074257362,39.0,d,z
539,540,0.1457787982506342,0.3857017347733599,12.05855434757641,7.351811842106466,17.0,b,w
540,541,-0.2603208572982206,-0.32427622206297396,4.325020398625289,,3.0,,v
541,542,1.3097488095818524,-1.7944298365549984,11.58669244819457,5.287839575979721,22.0,a,y
542,543,0.3336544408697796,-2.1238823440630306,12.989882399965808,4.808792235330163,11.0,d,z
543,544,0.5787729004795829,-0.36582889323822126,1.5676033495995878,8.383116643137695,26.0,d,y
544,545,0.10172688306365897,,0.4983642825743461,,34.0,b,y
545,546,-0.389837666794392,1.4102929900730703,3.529810553793222,5.571362254771717,33.0,c,v
546,547,1.041595752064207,,7.412054640574597,5.282377745827671,6.0,b,y
547,548,0.7551952084252805,-0.7551316566395423,5.449039801835301,2.8343188680970313,3.0,c,v
548,549,-0.2301132990930725,0.018871513021853057,3.432308784437258,9.591643319360417,11.0,d,w
549,550,0.040355537440213904,1.2079725550010583,0.0150115434794187,0.7098505563062196,46.0,b,v
550,551,0.6177560910792286,0.32056059025039213,,9.029661726243422,46.0,d,w
551,552,1.0509029629073787,-0.5425107413010625,2.2896346602168594,1.8000429947693297,0.0,d,y
552,553,-1.6940140782139583,0.7215894141894246,2.4803375180140135,5.2919896347537865,36.0,a,
553,554,1.4792093442167538,0.040991895016147806,1.944871158037202,8.555079771739141,8.0,b,v
554,555,0.8418861490729911,-0.34625413059657406,14.655433452343118,5.831877050394293,11.0,a,v
555,556,1.2352443158089834,0.707185701650109,5.488132792707642,6.013777289907376,0.0,c,v
556,557,-0.12504607522993788,-0.6770280058799505,3.7329304261231453,4.575972925244271,33.0,c,y
557,558,-0.4080424134879529,-0.4827756624126535,6.260984103985478,6.974948533653846,46.0,b,z
558,559,-0.9981552834748721,-1.0366104353246628,5.816215840063236,7.8005072881345106,21.0,b,w
559,560,1.5407298166046384,-0.7662284419959656,9.491432392911541,5.65933443195277,4.0,c,w
560,561,-0.5892766082654438,1.4725458449714555,9.546286867392679,7.436786859834218,9.0,,w
561,562,-0.10134765318254138,1.3005919949390132,,3.3170118910841238,32.0,c,z
562,563,-1.2666019898678798,-0.7751413928234827,1.5902947772167697,5.647672943090191,18.0,d,y
563,564,-0.5757476968387267,-0.8452040607198781,6.9153874656840975,4.070359250249011,49.0,c,v
564,565,,0.9889948980232872,15.501880357840534,8.918530044327568,39.0,a,v
565,566,1.0997884822784734,2.5248868151629926,6.704912267233091,3.330292221658432,34.0,b,w
566,567,0.6127315295970182,-0.08239273103985621,4.852656495649862,4.732789181538775,41.0,d,y
567,568,,1.0944199578065814,1.450778206219447,6.105367272141711,31.0,d,y
568,569,0.29566018006490685,-0.3681063590763082,3.818485011284615,,30.0,,v
569,570,0.28897790542975865,0.8678787402708028,6.636335745875245,7.6642624509113215,18.0,d,y
570,571,-0.5125033288683991,2.0961874757666865,13.966524247600196,7.900863791855638,8.0,c,y
571,572,1.2557805639911936,0.8713960308251654,2.382613224703997,5.034179861091706,35.0,c,z
572,573,0.7319255405661631,-0.2079717154854401,,8.945239983295663,0.0,c,v
573,574,-0.48889935654440403,-0.5843534950233455,7.649066273235137,7.099599497778325,27.0,d,z
574,575,1.3542262600896018,1.1264148671549739,7.564360321457935,2.0275349612173423,35.0,d,w
575,576,0.24849765651638017,0.3599884600027954,7.73736784540594,7.000833050791081,22.0,a,z
576,577,-0.32602079597722583,,3.0702380292409934,,49.0,d,y
577,578,-0.09958794931256917,-0.8478582622235887,12.70818675546262,9.290340331181607,,c,v
578,579,-0.22035860621369024,0.5202523240157109,0.5385062125014768,8.003828916646032,7.0,c,v
579,580,-0.09213903246843001,-0.4485003547883369,0.31806237310980423,1.988051433859619,32.0,d,v
580,581,-0.36461343810689817,1.876135829943624,8.810293908972051,0.5954149878123449,31.0,c,y
581,582,-1.4611080037743316,0.7208601043879311,5.456188519064936,9.089972927879385,36.0,a,y
582,583,-0.9283747583537666,-0.9146116353178733,3.0914187197834018,2.9269849732858844,37.0,,w
583,584,-0.5904754129790483,-0.9254119305182933,14.576763280707004,4.021705940471861,33.0,c,y
584,585,-0.38361689659630804,-0.44433313168731015,3.7348908376704766,7.605099914373365,13.0,c,z
585,586,0.1589457720264877,-0.3838919720277683,4.194503596029832,7.858751772750074,48.0,d,w
586,587,1.1449510573544068,-0.4302983130207425,5.704683423682109,3.492550976947384,16.0,a,z
587,588,-0.5811238879335393,0.8282097036681163,13.964834810392635,6.199796457089973,37.0,c,w
588,589,-1.1275789527089792,,2.433366361357791,8.447275646246267,,b,w
589,590,-0.7867018594419755,,2.118559354923813,7.330864447287415,38.0,c,w
590,591,-0.28182154250104574,1.6574060838839815,3.361187446666421,7.104997005685107,37.0,a,y
591,592,0.13582935752547665,0.26373113315666147,0.387799841226294,8.946806749125697,,c,y
592,593,0.6461320414062598,-0.034923117946694004,5.855025105333272,4.471563441938475,21.0,b,w
593,594,1.06398542724935,-0.24537496945429815,18.317578946637855,7.43024744611139,19.0,a,v
594,595,-0.2830700337102699,0.8694759878113631,1.3200043068228409,6.140474181166216,13.0,c,w
595,596,1.5399495762818802,1.7763822938119909,0.03399990345935458,0.23618337995650496,24.0,a,y
596,597,1.9717311673521978,-1.4455325880697103,9.651123448257383,5.220139607178222,37.0,c,y
597,598,-1.6094635956098027,-0.574414566879729,3.8839829937547146,0.5060144283474799,31.0,d,v
598,599,-0.00046570793088912375,0.6295391389930602,9.47107370920937,8.74986212295773,36.0,d,z
599,600,0.1945556299894228,0.2018692968717964,3.5502307247383587,1.6456014235438143,47.0,b,v
600,601,-1.960999652427093,-0.5641358184168415,0.4764738469997762,4.845660981215937,48.0,c,v
601,602,0.2213585189234299,1.2146681507951134,17.27164028724927,,20.0,b,z
602,603,1.5042556343291573,0.3018075860984936,2.0222659379116306,8.141298655299776,44.0,b,v
603,604,-0.00986416526942679,1.254831800755615,0.9400634015899636,9.924032249873537,18.0,b,y
604,605,0.22219542231020917,,0.10380056367011206,4.113059860817029,44.0,d,v
605,606,-2.3159995583230653,0.3673233121774382,9.619682029212356,3.3595333630219235,8.0,a,w
606,607,0.3047590233659657,-1.3289324518134003,0.09266217200313992,9.93937130121967,34.0,b,v
607,608,-0.01838576778802973,1.5783572420836265,1.2382058146952273,3.676723708565076,38.0,d,z
608,609,-1.0373841512173254,1.565092453712659,6.536274364164731,5.545165893304542,38.0,a,z
609,610,-2.0352240118711222,1.1275819938940523,1.1577342218645714,8.903111480831235,19.0,c,w
610,611,0.7654679341386182,0.6726472872851316,4.510185038650706,3.7528612771752323,44.0,a,v
611,612,,-0.28805175219192297,14.264143224498989,0.3092449195322311,43.0,d,w
612,613,-0.0037435563918362014,-0.4858939592828341,0.5264998361944181,5.761489490560173,5.0,d,z
613,614,-0.48898622623967886,0.1080121485692315,5.207236666043733,8.506949266844343,29.0,b,w
614,615,0.3587963634475808,1.3760651532256956,1.1127345053927908,3.575777567327009,48.0,d,y
615,616,-2.1071726374382753,1.2759365074885305,2.7371293073567498,2.8269845902962834,1.0,b,z
616,617,-2.3302209208417035,-0.4126175089097093,2.526631328873234,5.675912764838023,27.0,a,y
617,618,-2.2858813839463945,-1.2199413570525397,1.650972209924865,6.722819747862374,26.0,b,z
618,619,1.5416487176780558,-1.139040381411069,4.216347153362909,0.8164825115972218,32.0,a,w
619,620,0.5592512208235918,-0.42615728674131814,6.187488991103641,3.5349175630193983,19.0,b,y
620,621,-1.1175905791643133,-0.6131526880159831,2.517647048529266,9.7243755956693,18.0,d,y
621,622,1.4814399498428181,-0.4037865634321406,0.5328934621009018,7.869496855873363,7.0,b,v
622,623,-0.6648306546035636,0.41833297704037703,2.41735005469673,7.794314857541488,40.0,c,v
623,624,-0.18838103710040108,-0.2801007452298722,4.626322370363732,9.226847603045886,39.0,d,y
624,625,,0.4104953291392,5.586533104853747,5.1482426563809005,43.0,a,w
625,626,-0.25620140824713056,-0.5978111425122118,2.4381447133337173,0.9202311153920195,13.0,c,v
626,627,-1.7035558628257013,0.6013251669430962,5.518799484598147,4.134019601309084,24.0,b,z
627,628,-0.9599621447213335,-1.5172557501708248,2.557450106345392,6.365188996289982,3.0,d,v
628,629,1.2929748880782581,1.1744496527722945,2.88088357467006,3.65308960030836,33.0,d,y
629,630,-1.7577425376170601,1.249709516427821,3.3568877661392458,5.054298776969217,25.0,d,w
630,631,1.7465725792441265,1.9700254181204522,5.4099076780425035,8.330989736325717,13.0,a,
631,632,-0.31248107013543125,0.7131498813197861,0.8696988961274178,4.605316535667566,19.0,c,v
632,633,-0.8774661801787728,1.025810504461728,9.462382391884521,7.602959129190667,45.0,a,v
633,634,0.29270989564605415,-0.41194348708434136,10.25775830591334,6.765145485289244,46.0,b,z
634,635,-0.5701116220020448,-0.6644985492081148,6.376733815361613,5.832916976171157,0.0,c,y
635,636,0.4376099072252146,0.8116157622853488,0.9518286164996771,8.460815343948001,5.0,c,
636,637,-2.663655107490986,0.11396316712615116,4.86334933052465,5.150126043028162,43.0,a,
637,638,0.5319822478913473,0.8952816228952561,7.256102008233771,4.637641297362912,40.0,c,z
638,639,0.0703706306917398,0.05496757439153479,1.0244746891751728,4.14833108186838,38.0,b,v
639,640,-0.6322248478765741,0.5704837469733555,0.9260808218478567,2.8058286925038756,16.0,c,w
640,641,-0.5951732337962847,2.0462717496063356,0.6858798960860029,1.9152570852685868,5.0,,w
641,642,1.3261123648195965,0.784374321068017,1.2167339962810415,7.685582102832163,44.0,a,z
642,643,1.4555732721649608,,0.3277634076023866,9.81107408230612,28.0,b,w
643,644,-0.7662814637139873,1.5612571395596844,0.7382472110706955,7.909171976860506,33.0,b,z
644,645,-0.9855685217880883,,4.90372582804349,5.0165008395589,14.0,a,
645,646,-1.880170737098089,-0.6659740052932687,3.5370942286299516,7.112864981045969,26.0,a,
646,647,-0.08691072693584663,2.6093875680825938,10.035638999628517,2.299016519261019,3.0,,y
647,648,0.45397820872114825,-0.2139243474269638,4.940068015020728,5.423644581229117,30.0,a,w
648,649,0.8996806749216191,0.34040386137377726,11.999430646557553,7.032800776598471,43.0,c,z
649,650,-0.618225323671485,-1.7587030201909817,1.7075967172658804,0.5527466606465736,42.0,b,z
650,651,1.2292029323510905,,1.3759974080554223,3.8253690397032134,2.0,d,v
651,652,-0.6776318081898974,2.0252024909251087,1.340398164645381,7.919937477494679,,d,y
652,653,0.379134987290491,-0.2785638478046315,0.5143239095552075,0.10986996478578148,21.0,b,w
653,654,0.04034252783385898,-0.5146353006527453,2.7206437161914634,5.7016402545896,45.0,d,v
654,655,-1.8098520007794192,2.73802644941346,0.6909927386558221,3.3429965283341003,20.0,c,z
655,656,-1.1595748669553847,-0.054034732972742694,2.806753497443544,0.98831890316606,48.0,d,v
656,657,0.263120720954899,-0.3101871996053901,16.366431133565612,4.173873458048013,36.0,b,z
657,658,1.911501536898595,0.062018215586932365,12.979739578019869,4.936861081748612,23.0,b,y
658,659,-0.15137450713919967,-0.0326839821350538,3.6165727665906706,9.867126202094173,48.0,d,w
659,660,-0.28558406807375725,0.0731085222691416,6.426354564063051,6.011688871749509,30.0,b,v
660,661,-1.536700252890838,,,5.543562777776074,38.0,d,z
661,662,1.0763890345604161,-0.03030511323493354,10.553262045178869,9.19250317441969,29.0,b,w
662,663,0.28058127382603487,0.55427564009861,6.34082538662449,,33.0,c,y
663,664,-0.4713910754704428,-0.9067660606130609,5.533499160272241,0.9392668197634801,37.0,d,y
664,665,-0.7945065966129354,0.3197552800635469,0.4091051631108375,9.252809242272216,45.0,b,y
665,666,-1.1080728067574206,2.3076385222491282,6.645163146131767,2.7136929254963915,,b,y
666,667,,-0.3281391755606552,,1.992629221314296,23.0,d,w
667,668,-0.3784041843888869,-0.5532312955632792,6.703555171937449,4.447820194292325,17.0,b,v
668,669,-0.0649025725791337,-1.6700171074036227,17.277713144691532,4.8487468505459255,12.0,c,w
669,670,-1.0167105422938794,-0.3190347658569004,1.7486429707773399,2.700418752960332,38.0,c,v
670,671,-0.12807291819969194,-0.2860764354125502,2.5471216535221997,6.763232846036198,6.0,a,v
671,672,1.384445853699571,,2.279106948542121,5.878015559343367,20.0,d,y
672,673,-1.9741547865249536,0.6205588608393742,1.3258504910084221,,15.0,,y
673,674,2.3379333069231,-1.6401037080949625,0.4057822717103618,8.463424521609294,37.0,b,w
674,675,0.8545303621274593,-0.23214606329430706,1.9097518952505153,5.986539171604303,1.0,d,y
675,676,,,0.6407446520785489,2.996056882790991,41.0,c,v
676,677,,-1.1603724563986157,,5.494981309969418,25.0,,y
677,678,-0.34517459220965613,-0.41103563744698496,5.056196446492143,7.645535814728977,35.0,b,w
678,679,-0.037488578240698865,-0.038728771099459505,2.0567681591292195,7.535071532084588,44.0,d,z
679,680,0.529808921622043,0.10945533096293535,6.846783240131881,8.723667690882973,26.0,a,z
680,681,-0.11971223155627123,-0.09946338544100773,7.477225003734414,1.8341889362615915,45.0,b,w
681,682,-0.33788263950707725,0.7917811782974021,0.5768315710559274,2.740446347320912,44.0,d,w
682,683,-1.1545852589635883,-0.8286075533102187,0.5115773932372706,7.681807170152127,46.0,b,z
683,684,0.7238770615050212,-1.2870923044502134,1.5754749501830012,2.7552301560633152,24.0,c,y
684,685,0.24573300038974547,0.480508512116521,7.56767271037826,5.63184884102758,9.0,b,
685,686,0.3951443928863435,-0.3771665042967968,2.384774036020166,5.095303439030147,43.0,d,z
686,687,-0.2132697526659957,,6.271195970117166,4.536462945314728,37.0,c,z
687,688,0.4158132455063478,2.428113124151246,0.456154367170016,0.8316395013381384,7.0,a,w
688,689,0.1807368996069918,-0.15679709374155448,1.681428793953517,1.6260166621938121,9.0,d,v
689,690,-0.6177029028245049,0.1098712225428998,8.039850721545337,4.333946627749069,,d,
690,691,0.5896183015068789,,2.052500067148845,1.628090023832648,18.0,b,v
691,692,2.640037817120865,1.535308008951281,0.5013398914528786,3.3798578626624174,30.0,c,
692,693,-1.1682799277309655,1.3942484264662813,1.981266024086589,5.473918765625882,33.0,c,v
693,694,0.09236466434715966,0.2382632293657002,6.172731021749046,4.930288751046994,5.0,c,z
694,695,1.2733398861100687,0.23730603809493567,0.8981913360186622,1.56075973038025,11.0,c,w
695,696,-1.39326997130429,0.9061772747731502,5.281184197292487,6.814617157099781,34.0,c,y
696,697,0.22736512058224706,,,0.46976682271623327,,d,
697,698,1.8568950800340458,1.3773687963591084,2.2879923518981666,9.169022295283732,21.0,a,y
698,699,0.4906133709372026,-0.24773732283632188,5.728937894106259,3.4572073505656222,31.0,c,y
699,700,,-1.3187748446356586,4.428340359807805,9.660532230879307,2.0,,z
700,701,-0.7780690653704203,,1.0791146157910336,6.2340426292678695,,c,w
701,702,-0.7735617923272518,0.8645681454168987,3.4198926438329664,6.613955077226606,32.0,b,v
702,703,-0.7032729777537382,0.6240628384413963,1.9284180930285932,2.6519583348943043,41.0,a,w
703,704,1.032361735676454,-0.04225983189029778,19.02534019435016,6.01441705028305,15.0,a,v
704,705,-0.3285557760117561,3.1464390438366108,6.6357612729229185,3.62477725353767,19.0,c,v
705,706,-0.16143698904933496,0.015473045035887333,4.692897275262128,9.435020726217612,20.0,d,y
706,707,1.68738034562707,0.04448311923512386,3.771270367077089,1.4584682487140088,19.0,c,y
707,708,-1.3889153377763077,-2.3017907487567433,9.336341565484336,3.3930375531427703,10.0,d,v
708,709,-0.238869805624006,,0.10423510305520786,0.4342920738922651,6.0,,w
709,710,0.2742028727181486,0.5661582979837422,0.8742286608532847,0.701751793747738,5.0,a,v
710,711,0.002127576452391871,1.696989009814989,8.755383034414114,1.243834031205523,38.0,d,z
711,712,0.27361611253850515,-0.15317697544623293,2.527552941166147,9.206800436989985,16.0,b,z
712,713,0.043751461587150965,,1.6563315800323861,8.626795799034308,47.0,,v
713,714,1.518413339060096,1.4165285463858053,6.731167884156556,8.382719669208065,44.0,c,z
714,715,0.10226538734468739,-0.07046039609596148,0.6979460956366752,4.136809655999868,,a,
715,716,-1.1840398348634238,-2.152305329684022,0.1978196362292671,9.0342570495968,34.0,d,v
716,717,0.4539068852080937,2.899379728265448,2.9843654624229248,1.098647652464535,33.0,a,y
717,718,0.31897724323091253,0.591511426284542,1.153370599391306,7.757499203594969,13.0,b,z
718,719,2.588081933532886,-0.09455141819446543,,6.5764009103917065,24.0,a,y
719,720,-1.760531072350886,0.5685179046139562,11.116187560917915,5.813905531799368,8.0,d,w
720,721,-0.7002440181573307,-0.6205810495123412,6.863707811263633,5.921587190776933,4.0,d,
721,722,1.1746857486806195,0.9146070090165871,0.0886457785928487,6.636956406389888,30.0,b,w
722,723,0.14158109807438066,-0.6392428813219093,5.4428664967159515,8.896780687960824,40.0,a,z
723,724,-0.6614041980623044,0.3405298160327478,5.127809142491352,3.492350222360959,14.0,b,v
724,725,1.7073906848493776,0.5107466803666346,3.560962159504393,1.9691986480604773,17.0,b,z
725,726,-0.7255326588035113,-1.6834236149896593,3.054947726081137,4.25243580436484,3.0,a,w
726,727,0.4854960843980933,-0.7980406138804685,0.08759106156027348,6.583683264357585,37.0,d,w
727,728,-0.25822212843936326,-1.005267633533095,0.9056213147346852,8.908948608559937,28.0,d,y
728,729,1.4293759652238127,-2.4134244750913294,1.6994107952268844,7.081808790385162,48.0,b,y
729,730,1.148753596555229,0.6973691226585772,6.716085223682391,6.765944121938453,46.0,c,w
730,731,0.2221279006578538,0.2957750304010179,0.8978122692722492,6.735715790434723,33.0,a,v
731,732,0.6145095566143701,0.5196349014730292,0.48214455404030104,2.2625166664630925,39.0,d,w
732,733,,-0.3446831493063798,2.7852324931087384,3.682285550937159,38.0,,z
733,734,-1.203899987697091,-0.9410127138676294,6.808918990857932,0.21446003357302623,47.0,d,v
734,735,-0.29775386446947855,-1.4529964689447894,8.583085434593773,1.2109152948276636,25.0,c,z
735,736,1.7537069300951282,1.0750976530264051,4.657377068511643,2.885648083060337,45.0,c,y
736,737,-0.5801078304480519,0.7498203202525613,2.451515903115075,0.3682038384655495,,d,w
737,738,-0.982706338929114,1.54075452294148,4.454166617562433,,8.0,d,v
738,739,1.0998521332683027,0.43730723266178706,1.5833143385800372,5.573341152504815,21.0,b,y
739,740,-1.8093002194400827,1.2777397205925296,0.2555321377502296,2.5468089502322733,16.0,a,z
740,741,,,0.5209544539387585,5.126587954183833,43.0,d,w
741,742,-0.559703996531803,-1.1868013000043336,0.3761126972491832,3.2962264993424153,41.0,a,z
742,743,1.5811625077154534,0.41304478541659084,5.79488724071191,7.767491419920431,3.0,a,w
743,744,-0.27549995545375155,0.9456323656328667,2.680843336567243,2.6774385701949033,33.0,c,w
744,745,2.1655811271433434,0.320084435732612,2.2399837338464033,2.763155271170058,29.0,d,z
745,746,0.515566574073304,0.22924573005197543,12.340349705134203,8.599365775351712,39.0,a,y
746,747,-0.671865164230812,0.14063413137734979,3.6443837754552617,6.50536698389871,19.0,a,v
747,748,-1.3756860494639525,1.1304664970558045,4.709769402750194,2.042642284934578,1.0,,w
748,749,1.085052866368603,1.2327594320189086,,8.857934671945202,3.0,d,v
749,750,1.2496924057193213,1.1401897955962395,5.5020158549851885,6.5360876521743965,17.0,c,w
750,751,-0.1954245521090213,-0.11869637023426044,2.5001981999982426,,18.0,,v
751,752,-1.0177353562465958,0.24754060989338017,14.657107268676029,3.8979592927840256,32.0,b,y
752,753,-0.23745294204207798,-1.3984893213638054,3.121141844050563,6.772773076275323,9.0,a,v
753,754,0.023769324094837164,0.8777378486054279,0.8116912716838984,0.5722681652425343,45.0,c,z
754,755,0.08477085754115746,-0.6151348332300018,1.215996681588388,2.824901269066361,12.0,b,z
755,756,-1.1639239537848878,0.2237235910068708,1.8786894724571517,5.93945576510386,11.0,b,y
756,757,-0.7284545876886469,0.4599517053008034,0.4890920204947876,1.0932989796165349,28.0,c,v
757,758,-2.4801914083242305,-0.9865642169706601,9.022988920948238,3.4702664511290235,31.0,a,z
758,759,0.7126677941109919,1.0732632081598164,1.3302344430463997,2.4370979105940394,38.0,a,w
759,760,0.815926527791904,0.8864536133440364,2.618856919909543,9.368992512460236,49.0,c,y
760,761,0.45132058645432727,0.2423219379589992,0.7740781281816057,0.6508540909794991,11.0,a,w
761,762,-0.06721548577933713,-1.4310839753098992,3.634120745317126,3.6750681552598152,21.0,c,v
762,763,0.4141362784329956,-0.6739856776686507,11.966324306648097,0.2858260840210236,47.0,d,w
763,764,1.4734870487941174,-0.1504900975519512,1.582560001274535,4.096556576580065,18.0,d,v
764,765,0.8416491788573094,0.6401752644156906,3.8956076602343948,2.9592720801080894,12.0,c,y
765,766,0.37726803427483896,0.21706997645537685,,8.645223595927272,41.0,a,v
766,767,-1.0874651728025562,-0.6108730390624353,,0.5768319321070603,18.0,d,z
767,768,0.778402216948241,0.439314365691958,5.959307484715383,,17.0,c,v
768,769,1.5360423290367664,0.20538754771826845,,2.0341768724805656,,c,w
769,770,-0.3120607263779622,0.05395850064790228,8.017720053885181,2.610172082694117,31.0,a,v
770,771,,-0.17397393862177643,1.6207009156596652,1.3550222240665555,8.0,d,y
771,772,-0.7887344834804708,-0.04010685184221028,4.904526204609722,8.176375238988403,21.0,a,y
772,773,0.31340772152491286,-0.33499375119896496,2.641404035295942,3.9880829174438936,,c,v
773,774,-0.07503654867876011,0.626441631167593,1.437978507370516,4.000086076056496,36.0,d,w
774,775,0.3611825744039998,0.3106722006341943,7.429542200673245,3.574455068165927,30.0,b,z
775,776,,1.200303501481676,11.250917394071829,2.6197318880489515,31.0,,w
776,777,0.6502927232277135,-0.45545685180785633,4.2342509298823385,6.0940412095321435,19.0,c,y
777,778,0.4592091270566956,1.041413874738894,2.4789463019407694,1.9254734892405712,46.0,a,
778,779,3.457911384501321,1.2171762976292992,1.1706694144677945,3.4020096002936198,32.0,d,z
779,780,-1.728165065073337,-0.02874424140726961,12.917580008619918,4.5865748625252,35.0,a,y
780,781,,-0.9458293398227023,2.2272845387187203,2.8472982728986884,24.0,a,z
781,782,0.01565505504553882,1.021477181059425,1.446905054899593,9.478400911670304,10.0,d,w
782,783,0.27454356864464396,-0.6887431707847305,0.9191541559169364,6.7914010452190094,40.0,a,w
783,784,-0.7086947423033572,-0.7306193027348554,1.7868719279862477,6.332623696152443,34.0,a,z
784,785,-0.31472552916067453,-0.8624563331593404,1.2759078805216966,2.9740103179935637,16.0,d,w
785,786,0.3878895779502868,1.0098668039185341,10.31785549144955,3.3743206964863672,45.0,d,w
786,787,0.3510270278043022,-0.010269170302034999,1.9587681352362885,2.997157899533296,41.0,b,y
787,788,-0.48373697679697164,-0.30358176006853205,1.8978314301644055,4.228957116466132,8.0,b,z
788,789,-0.43826106968661016,0.8564371721561775,1.7101721600993522,7.0325618872542766,41.0,d,w
789,790,-0.6031302696551823,1.044405554348516,7.357576209845712,2.0798182275171193,30.0,c,w
790,791,-0.34890666827695854,-0.959059917582204,16.669527524397747,3.825078436804387,35.0,d,v
791,792,-1.6105963915138775,1.0410036527247217,0.28894674797636255,1.504166174102849,41.0,b,v
792,793,0.16957562105881624,1.970309583082687,,4.682813605773858,37.0,b,
793,794,-0.13390942450368074,0.22043408688000735,8.052542812340521,6.546326240701941,5.0,c,z
794,795,0.2261511138163038,0.6117818257278238,9.574665560724533,3.1143528782158434,12.0,c,z
795,796,0.569734170451704,-0.5523044142690666,0.6230759962277094,5.567799850037857,43.0,a,z
796,797,-0.4669468033751791,1.4184166298383234,1.37597254168201,8.545514365211739,27.0,b,v
797,798,0.05585169245691314,-0.3435375360739888,19.325473646428,4.504616257016832,27.0,a,y
798,799,-1.928295368437432,-0.8602736821227087,8.749956350772736,1.1629085991387655,40.0,d,y
799,800,,-0.7975556873864502,4.469698104093826,9.282213051059337,29.0,a,w
800,801,0.6742529167709279,0.3105342646046723,,9.429347965897762,,d,
801,802,0.14308163950706332,0.14366374016063693,8.701977543259435,7.867610502448937,11.0,c,w
802,803,0.061441396141672946,0.3508656350310584,8.650589944992376,3.396412390043232,27.0,d,w
803,804,2.09150919552794,0.3887760252878347,6.992496426740349,2.239979861896156,,b,y
804,805,-2.5939965089464243,1.0421131236660233,12.236771008192873,0.8075185384291883,33.0,a,
805,806,-0.9787349397754437,-1.3880604603042048,5.81816557708918,7.531635997778939,47.0,b,z
806,807,4.027705239227511,-1.4459010962919394,1.911506675464551,4.206023040338759,32.0,b,v
807,808,1.316889794950326,-1.3729320059646466,6.267640573515515,,33.0,a,w
808,809,-2.0094926268312125,-0.42970663635328804,5.990987431027102,8.620183820704304,14.0,d,y
809,810,0.43778923484803217,1.3411741042276428,4.785500624576865,5.646773869773352,25.0,d,w
810,811,-1.473553331899677,-1.8433903442291102,0.9608340460258907,0.7578006060129794,20.0,a,
811,812,0.8273432807872104,1.4421929722925522,8.638377381392257,3.695019804568731,10.0,c,y
812,813,-1.2232981827344096,-2.03972956141546,3.480804194159251,1.2780525645843654,49.0,d,w
813,814,0.4411332701867043,2.011139876031706,5.769507042792922,4.183870871316766,10.0,d,w
814,815,,-0.17165889911922005,2.6648048515710263,,42.0,d,
815,816,0.5198026971591092,2.0056533593493726,1.729618776801317,7.688264989477035,22.0,d,z
816,817,,-0.6036391199870748,3.2471119654631226,,39.0,d,w
817,818,0.8597701690754646,-2.1917708585399924,6.318447061037704,0.6774605926993815,34.0,c,
818,819,1.040883729645344,-0.607156818743008,0.3996421117778226,5.16570445592879,3.0,d,w
819,820,1.0073730266801695,-0.5233316521898869,11.027258007664024,4.807844887385473,47.0,d,z
820,821,,-0.11219673068939356,,2.1719518393465176,,a,v
821,822,-0.687601876755954,-0.6816399936607898,3.798098747062137,8.522701545644995,16.0,c,w
822,823,0.06495762729371242,-0.3415408030579059,2.0475056313161804,5.674878185282762,11.0,b,y
823,824,-0.16610727047683704,0.30015222970463545,3.0337994469378273,5.970852014241251,26.0,b,y
824,825,,1.226420768563637,16.230152257077282,,21.0,a,y
825,826,0.8039044085978092,-1.4149628809714099,12.027076546912243,6.199357836608376,11.0,b,y
826,827,0.6437938727970838,0.8841957807777949,0.9324781042702677,9.753210306398012,25.0,c,y
827,828,-0.5587325109957756,2.491690710304353,3.9644624276677485,5.672691892588776,19.0,b,v
828,829,-1.3412315816778726,1.8919058968323235,,,11.0,c,z
829,830,1.4298009707218138,0.2816781662459246,11.570983657591418,4.5318581016903625,45.0,c,y
830,831,0.30045780344919976,0.0038082420799909326,4.131939710502715,5.146905005244351,32.0,b,v
831,832,-0.2660948026628675,0.04967590860437603,6.347204095085958,7.54946059188072,7.0,,y
832,833,0.7457373833198935,1.5932104050928928,0.1605311185595992,7.9756670036629735,15.0,b,y
833,834,0.01736143356814728,-0.20471247158868117,8.194346796702675,2.709201021869847,4.0,d,v
834,835,-0.6254814754893271,0.7278916134804471,0.17460325748631866,3.7137946369502393,21.0,b,
835,836,0.35446892696006593,-0.5325297622931507,1.7603194536857223,4.493900887059773,19.0,b,z
836,837,1.000224932725609,0.9800127392961334,1.8899810898229434,0.6815989656222499,19.0,a,y
837,838,-0.6726992460461853,-0.6167857894062576,10.234956773220645,7.343436710024235,25.0,c,y
838,839,-1.6011143274226338,-0.33272132377712427,3.251442888010798,4.475166955909015,26.0,d,v
839,840,-0.035883257403671064,0.2854000608482909,29.024254139082863,1.3552852574906837,35.0,b,w
840,841,-0.5933749635153234,-1.2915037611312639,1.1265994402157953,1.0212328906983692,38.0,c,y
841,842,-0.1453159711976119,1.4458483165878933,0.5332423144924336,1.090070949733385,47.0,b,w
842,843,0.5942010899000003,-0.7604561298385233,10.75179405101194,5.241663505434529,40.0,a,y
843,844,-1.0586306312838505,0.8524331701569565,7.788419206938688,7.93350675522622,0.0,d,w
844,845,-0.3636435502694699,-1.3677742734314076,4.724878263423027,5.698225413931439,21.0,b,w
845,846,-0.7437639753897191,,0.8242435887492692,8.865978605750174,31.0,a,w
846,847,,0.2804564656978144,2.8442405528857897,3.4267911694575135,45.0,a,v
847,848,-0.17407469871632947,-0.030460362102748845,1.4900042984741215,8.994969894085576,42.0,a,y
848,849,1.433316657964719,-0.49579649656278957,29.909989923980543,7.380505138430255,19.0,d,w
849,850,-0.04941058591043682,-0.4557843125173845,5.750562291027148,5.071499567608171,43.0,a,w
850,851,1.9904819334221941,1.089636063738327,,5.169956772519372,22.0,d,z
851,852,-0.24844900780272636,-1.104581461398897,0.057619768120004126,8.598504088525619,28.0,a,v
852,853,1.8560257557621942,0.15450261470664053,1.3013008743848633,4.114949902974167,49.0,b,v
853,854,0.1147149731648244,0.6169196640028125,13.829741750121514,1.671572613072626,43.0,d,w
854,855,0.37247128318494055,0.6878658878907813,9.150880510296593,9.007247240807668,15.0,a,z
855,856,0.45806999577511975,-0.9624941479395247,4.885111120540641,9.234530119844987,17.0,c,z
856,857,-0.2070205806828639,1.4775043812811228,12.327437819376721,8.401596732835856,20.0,d,w
857,858,0.12142391489459585,-1.4025730772076916,9.595754878160356,7.543736223714253,34.0,d,z
858,859,0.29258279389878683,-1.0663499257645674,0.6321723312917572,,15.0,a,w
859,860,1.2157931455293138,-0.5051216166199646,7.674049509780074,8.626897674676533,7.0,b,y
860,861,-0.7953119269908564,-0.7718432291432356,,5.039059586873849,30.0,d,z
861,862,-0.1011022262415075,-1.4157056817376072,2.874012245276181,7.531800558763917,38.0,c,y
862,863,2.124522284502106,0.6205296475278715,0.07921553242258866,0.23020618089104938,24.0,a,z
863,864,-1.3086860475206312,-0.7646797228055648,0.02273339735849912,9.330074788072938,5.0,b,z
864,865,-0.21535392966482952,0.9285967277042689,,9.104814779936856,1.0,b,
865,866,0.5871018258336681,0.23322795578404176,2.335814273565865,8.789397886424041,19.0,a,w
866,867,1.2379724370541711,-0.004070181598722196,6.704800085620967,8.733463458991803,3.0,d,y
867,868,-1.6845580710719956,1.590330495037407,10.420635254776505,,,d,y
868,869,0.9095821648588509,0.6370771431612418,8.107738808216856,9.889019325519016,4.0,a,y
869,870,0.05791087094585095,0.548916759101479,0.9539957478784894,5.537108901899696,17.0,c,v
870,871,0.7896942951156388,-0.4331694469391654,0.5534247959653471,4.453932473427905,6.0,d,v
871,872,0.9794627766945817,-0.6687522819246041,1.7505348332889907,0.16761787123187544,33.0,a,
872,873,-1.0349604939814447,-0.2740102320215194,3.756618584863035,3.983934211046499,30.0,c,v
873,874,-0.45931138710803315,0.016866769504028642,0.843416096175834,5.614268559055677,39.0,c,y
874,875,-0.14997300380664602,-0.7016338556972997,6.449616943978333,9.32415594560271,31.0,c,y
875,876,,-1.5661675345563106,3.15106032496868,5.315124868342878,34.0,d,z
876,877,0.4244132489928234,-0.05048967090090709,1.3921570399980894,4.420245067303389,8.0,a,y
877,878,0.3269096231501154,-0.6302115156896667,5.8131799459570495,8.166492583263173,16.0,b,y
878,879,-0.21288593614308862,-0.2137446848491616,3.7815670749984513,4.566434152964329,18.0,a,v
879,880,0.2893371110896542,-0.09561365944488735,1.1069364352955866,6.063967098318682,29.0,d,w
880,881,3.053151940007388,0.15651842684464565,6.5495624044832566,6.762798778603707,19.0,b,z
881,882,1.9967599678058945,0.659713509932985,0.4521677076148595,6.544947874856469,26.0,a,z
882,883,0.5145522408270172,-1.3611528632252368,0.7945493785059133,3.813905226180434,34.0,a,y
883,884,-0.01947345581401378,-0.30923053598980044,14.624462690074928,5.310295027128616,20.0,b,w
884,885,-0.6576867850615263,-0.02850084090215191,9.546837699749434,6.687136787801066,29.0,,w
885,886,-1.126417966336893,-0.38030249893928963,8.791851251214908,5.277412319085034,3.0,a,y
886,887,-0.05365408083676152,-1.4268224293903604,3.414139399777487,2.003481202734143,46.0,d,v
887,888,-0.19090421270683136,-0.42616970176633406,2.0277399822216147,6.3053782166657655,33.0,a,y
888,889,0.8120437400843118,1.4871249675163556,0.7512635337529896,8.048984008215264,,d,w
889,890,0.25166312766021287,1.6494797707736075,4.429369799560264,5.444266718387248,22.0,d,v
890,891,0.8682426786525357,-0.4988715690287524,5.03186395679057,9.541361487583071,45.0,d,v
891,892,2.1020863808055665,,1.7022913092714476,3.3917935753024278,11.0,b,z
892,893,0.3258962468127453,-0.4452649551329682,0.4618897112497871,1.7644091170429221,45.0,a,y
893,894,-0.6961391094413619,0.6204097001730978,5.661200574711175,5.468905847529101,19.0,b,y
894,895,0.05365206107547223,-1.5599113393945856,4.160810811258109,0.3621587128073833,32.0,c,y
895,896,-1.3120972914774096,0.5192067655581408,7.985164419471305,7.259601593542292,22.0,b,w
896,897,0.2165721228254501,-0.15346385147049044,1.6325953096730708,5.229803189647257,28.0,d,w
897,898,0.7197097568876968,1.906913181915486,1.6900253070970779,8.079018692424114,0.0,d,z
898,899,0.7944511940359019,0.6046726469747845,2.3888198861223424,4.047190393827991,42.0,b,v
899,900,-1.7783141277709684,-0.8828957218221524,5.792058863624213,9.5591817502791,17.0,d,w
900,901,,-0.42887641846990004,0.3373040733068281,5.477309855338697,25.0,b,y
901,902,-0.08541191538804803,0.9545606881924327,4.497722622295362,9.892236894326508,16.0,d,v
902,903,-2.0239857355972033,-1.2116604432291096,5.5212128417972375,5.124528153798056,16.0,a,w
903,904,0.09688781601525358,-0.31400135956817726,0.4752296557101522,3.992602199908022,24.0,b,w
904,905,0.14186179013474615,-1.029034600841433,,4.640987030775705,43.0,a,y
905,906,-0.3912681110041136,-0.2558110588055874,6.987220983172261,0.9308094228574015,30.0,a,y
906,907,-0.0975008251665689,,0.8906100584909066,7.532831074264506,20.0,a,w
907,908,-0.9566452901944962,,0.7059293701813824,3.6694554627012566,48.0,d,w
908,909,0.40175205041072365,1.3490543630118048,10.510185436955126,9.033705916266634,5.0,c,v
909,910,0.3416535623469315,0.24934740900211477,1.9198482742023426,0.24334680454923707,47.0,a,w
910,911,-0.46025057669809044,-0.019342194972209605,0.41054008680313947,6.462876933588095,7.0,d,v
911,912,-1.3312859303980449,-0.006180416769111799,9.787236648184365,5.384028757465309,30.0,c,v
912,913,-0.7882735573728736,0.21960927019106036,1.9676238248294822,4.013052843415789,35.0,,y
913,914,-0.5613165893561578,-0.9399821174662102,4.491760650106528,1.3156114309363087,43.0,c,y
914,915,-0.1687464914053698,1.152180972213106,11.633309057738382,5.609974829167137,,c,y
915,916,,0.7394137987130817,11.6164978310346,6.784408205007013,24.0,d,w
916,917,-1.5324939275735636,0.6473617649849059,3.1377489551364883,5.5549461905486766,11.0,,v
917,918,-0.5431878730605254,-0.35712446678007387,13.149900891291955,1.3519849038497689,12.0,a,w
918,919,-1.6696945065607545,,5.969284978765732,9.310615653446433,45.0,d,v
919,920,-0.05388661822209521,-1.2772782311172142,7.857099747696802,8.145932769842181,,b,z
920,921,-0.2107901989317972,-0.8617947952966034,2.816323348686156,0.8183041644259581,25.0,c,w
921,922,0.5988189391600951,-0.23613476112953283,15.156618373603896,9.520805929351647,31.0,a,y
922,923,0.07285378933654788,0.7928281126091186,0.5969470985032458,3.8743926459793254,22.0,d,w
923,924,,-1.9638663869839845,6.976890308538591,9.156778517041154,38.0,c,w
924,925,-0.28153468273443255,1.4028597429239438,0.7231262544323364,3.4135920368894377,2.0,,
925,926,-1.0774083567427695,0.15880427765096436,7.719585103054247,1.7433817826833076,47.0,a,y
926,927,-1.577128064947144,0.7036488510632595,3.0539245901698004,3.6032637849002116,24.0,d,v
927,928,-2.1099282812950686,-1.3832230712681168,2.504270128241263,0.24401490415818516,40.0,c,v
928,929,0.7438846028852532,0.6927189879376378,4.164327308100504,4.076186645275733,27.0,,z
929,930,0.02857433958607149,-0.24848376411499234,5.632671610945719,7.013870132684874,39.0,d,v
930,931,-0.33681985790080854,1.9783061170979988,3.2328362013092047,2.981383787627613,29.0,c,w
931,932,0.6021406854347379,0.7564097795687692,1.7990017635348585,2.641690953708932,26.0,c,z
932,933,-0.3422596129112704,0.9040740236232946,3.6402372596611317,,31.0,a,y
933,934,0.7688507153397884,-0.5452363199306445,5.350257625038238,5.132761617871617,7.0,a,v
934,935,-1.3256138027454718,0.9466241048803776,3.24466105081067,2.041790649618558,7.0,b,v
935,936,-0.9923126989512584,-0.41358999104557237,,3.3963976308150112,,,z
936,937,-0.021307746599264946,1.120429186007389,10.376691530460647,,23.0,d,w
937,938,-0.4608076933563672,0.2667233145744772,18.41408915879844,5.180917494974437,49.0,d,y
938,939,-0.199118537756776,-0.5508202592355655,1.5680194049742413,5.334213021368565,17.0,a,v
939,940,-0.3311617450661225,-0.1914097582888254,10.67803859526916,9.727590100253646,19.0,c,w
940,941,0.2697965325853433,-0.765014393924794,4.830880328065116,,45.0,a,z
941,942,0.7090647211931822,0.3234311897690796,4.680594620760595,5.183291874822658,35.0,c,y
942,943,1.71189593796749,,2.8766581089271464,6.2198841351853495,15.0,a,v
943,944,1.2131724473448673,0.7854100426656506,6.346981874474844,4.440506289735526,23.0,a,z
944,945,0.18307441810623779,-1.6642129072721195,0.9746597411234179,7.422210247736475,29.0,c,w
945,946,-1.2000140694160166,,3.483633460064725,3.3025594106738376,,,v
946,947,,0.555906210801953,13.301568769934578,7.661148302232115,45.0,b,y
947,948,-0.24279190884794705,1.0134900847571657,12.24140624033922,3.9803452238321535,48.0,c,z
948,949,0.6136037232060102,1.2518900827848536,1.0118200739343575,3.7952275885970566,37.0,b,w
949,950,-1.397485795849066,1.9072114726754559,5.291861937964066,6.629133979396915,16.0,b,v
950,951,2.021011173844622,-0.5641014087799273,4.278003840197561,3.554457515415569,17.0,a,y
951,952,-1.0084559950620904,1.4894158327344613,2.7695920883963074,3.160350264498323,16.0,a,w
952,953,,-1.4641496928559403,1.3761560658735292,5.610584306076353,1.0,b,w
953,954,-1.029556174541368,-0.7004717303878557,1.3421127586485198,6.794114877414881,35.0,b,z
954,955,1.6333970174903611,0.4986534339925552,3.717632106568736,0.39073352534487626,36.0,d,z
955,956,0.16919603122151877,1.921733144289535,10.196817147104344,0.717577462903306,20.0,b,w
956,957,-1.3153335798490893,-0.4697635505893026,11.237341136487197,4.001132744320552,13.0,d,y
957,958,,-2.073831078240157,2.285882239604386,6.206320865246911,41.0,a,w
958,959,-0.21301958782050284,,0.9812333146566803,1.977249290242411,48.0,a,y
959,960,0.5709192161806462,0.3785079874784005,1.136591993725567,7.344106094053837,6.0,c,z
960,961,,1.0368203039231194,1.9034241479723977,5.0662295573326315,31.0,c,z
961,962,1.3814890580211614,1.040286373039995,3.013517934118992,3.1440943303369173,42.0,a,y
962,963,0.18616430976716689,-0.7319300592766912,8.891673736964641,2.256909427266529,4.0,c,y
963,964,1.9385546175411508,0.511206790763269,1.008113120252621,5.795593216339128,,b,y
964,965,-1.898338808599632,0.7687509316060454,9.309248732119777,8.741484895049732,4.0,a,w
965,966,1.7008156445174474,-1.2422262645502928,1.5521661196242893,2.2611422799412417,25.0,d,w
966,967,,,7.509352327749685,3.8881056941476344,7.0,b,z
967,968,-0.6656190400676696,-0.06709390404346213,1.567685923996195,3.7760142985059564,15.0,d,v
968,969,0.09322024258008899,0.3221301034720487,2.3694634684615288,7.063464164081168,23.0,b,z
969,970,1.147705702916507,0.6880413099045368,0.02171724401603564,,38.0,d,w
970,971,-0.085487634183606,-0.5852511027785661,4.343721200249148,3.593912861236379,48.0,d,z
971,972,0.8814450293718322,0.10355225279936367,8.100539028993484,4.943771911266451,31.0,b,z
972,973,-0.2531797677725723,-0.23422665018319233,1.5506488299622878,8.934216363557464,,b,v
973,974,0.8238741851279894,-0.020685989674977884,8.604339294370307,1.4186783643796996,49.0,d,w
974,975,0.10079317679394237,-1.8122872410208402,11.370684244603549,9.777526170433553,34.0,c,v
975,976,0.8819356664013177,-2.0346683336778253,4.408274941837906,8.316920662158417,33.0,b,v
976,977,0.5338899141970304,-1.6440620589719503,0.6446526311173641,3.283171488488491,20.0,c,v
977,978,0.6208326789800477,1.4113053690704542,0.9739625027015962,0.9179453297346141,34.0,d,v
978,979,0.10273282837593602,-0.7966773848956307,1.2200657384235172,2.9120293778242723,40.0,d,v
979,980,0.46675427542646103,3.2736842207579073,2.4401557469685486,0.593113924878923,38.0,d,z
980,981,1.2179526698419316,-1.9230458345500818,3.3858412468819403,9.370394113193235,3.0,,y
981,982,-1.3507855743686275,-3.101204096511164,8.773051509868031,6.930320501381182,4.0,a,z
982,983,-1.6993237588170134,-1.4655879802448444,4.89100093510975,7.111963709468045,37.0,c,y
983,984,-0.5793857284306165,0.14376261374142488,2.9633390775640134,3.3700863695780505,3.0,b,z
984,985,-0.18309313466721092,,4.612368640164122,9.531885793310796,21.0,c,z
985,986,0.7036244716624643,0.57518736097402,5.102720607598858,5.472544142642616,4.0,b,z
986,987,0.8076713788665915,0.7171654758764027,8.688448138408463,3.407553414977862,2.0,d,y
987,988,-0.5440455216956357,2.22855469590742,3.8283203618145705,9.986550899888679,46.0,b,w
988,989,1.424392118716344,-1.1448040624519138,2.180550767932867,0.6657647540591705,36.0,a,z
989,990,-0.776937437948166,0.7194068981278464,1.4074682199630923,7.915435644432893,6.0,b,w
990,991,,-1.0043804686668596,,8.794954936438819,28.0,d,
991,992,0.6582860489881137,-0.38873941112900584,4.926575680033503,3.6920251725061326,14.0,c,v
992,993,1.3626477899497105,0.8253888302684825,1.251042903397588,4.725501769171927,27.0,a,v
993,994,-2.429770375908515,-0.9902285369474003,0.3733153568513887,0.05305994275539461,13.0,d,w
994,995,1.1213601283058356,1.0308024505831472,5.212366947404571,2.8535742385016185,32.0,d,w
995,996,0.7736967454259772,0.48022972159236754,2.611411721198614,7.607091295366639,41.0,d,z
996,997,-1.6909892210779327,-0.45549053167700554,2.7551112891933576,6.111637958075388,17.0,b,w
997,998,0.16560244429039392,0.0880202848652009,5.812832273850216,6.868824791397142,25.0,a,w
998,999,-0.2127161406898709,-0.8734404162999597,2.399875771637957,2.884358321043854,36.0,a,w
999,1000,-1.090409864609175,1.0276137207904434,0.9759279287230989,3.5507571196243672,19.0,c,v
