ID,A,B,C,D
0,-0.08290287888201658,1.0596784529171173,5.731640951139788,20.0
1,-0.7293170556534493,2.658148852692671,5.192929504591879,49.0
2,0.9505755041983636,2.63323246725309,2.1708843278067036,49.0
3,-0.5679310020358106,5.005153014962067,5.291586728832095,26.0
4,-0.9034010093034297,0.5470585014854286,8.97104538435218,35.0
5,-0.19728515521420614,5.045388000526626,1.2526507248731245,34.0
6,0.46564060363245985,3.0223209215493343,7.037262466697582,15.0
7,-0.9183308754286422,1.1637861587865852,1.1371258051803423,28.0
8,0.05023663552453889,7.53037070392383,3.381541814866209,6.0
9,-0.4337431280211243,3.2128683611753592,6.838308192998771,6.0
10,-0.32690337389073093,6.3126240247918215,,33.0
11,-0.009474051598320493,12.66436897262446,6.782636383275062,47.0
12,0.5920693786040528,2.1801740560585565,9.633579889598417,4.0
13,0.009617642225001959,11.409230610876264,9.696099911404655,7.0
14,2.6194367964541545,1.117852485360946,9.148689064348575,7.0
15,0.6899232339838417,1.2559820668811064,4.948301166675745,42.0
16,0.40739013439578003,,,28.0
17,-0.3031671867995721,0.5414444101183026,2.7959230887752473,9.0
18,-0.5054483898971555,3.032829565345951,5.756892557476475,0.0
19,1.0104266952456935,1.2029255929900557,4.53579063283699,37.0
20,-1.5862403195355483,4.229817759212067,9.945246924327865,27.0
21,1.124200661664642,8.220729124387223,5.355752260056392,6.0
22,1.1625896388064756,0.21675333949181763,3.289842655028287,16.0
23,-0.11848383395115712,2.666293699051211,6.3595804507628095,47.0
24,1.1550011549858814,6.559137964004261,0.43717513641476247,45.0
25,-0.2868394368892231,2.0946845040450612,1.1078652228457553,23.0
26,-0.09249884944774034,0.21300356812972965,6.636629747303565,34.0
27,0.5087631478775663,4.474852090946512,1.2334067619258204,8.0
28,-0.3704905049417251,0.640101724227943,7.554110914648948,
29,0.7135720445510769,2.30954005707886,0.6190825457212723,2.0
30,-0.46455104932644153,23.29981554626459,5.938895891971081,43.0
31,0.2754893732389986,2.5376550249781484,6.784820607260659,3.0
32,2.6380281712443354,,,31.0
33,0.48064532981488767,9.823648865524259,8.856989635759255,43.0
34,1.0867001260399076,1.5246916749737685,3.1223622716988206,12.0
35,0.9122789238873636,4.525579268551761,7.191644554130178,23.0
36,-1.9822723901272106,14.730775321605073,,6.0
37,-0.09341239307847701,4.661244831826462,8.297946893447769,18.0
38,1.3707046610676972,,8.902290248546542,
39,-1.1847394470037804,3.104717960582566,7.486577399702151,49.0
40,-0.17324233693899188,6.352832078153735,2.8132944527662564,26.0
41,2.1309094660756367,0.1104714218772234,0.6234354022571365,17.0
42,-1.1283389610446826,7.743441986828278,4.216056518331676,29.0
43,1.1511249387622366,5.571413656443141,2.706356164811731,27.0
44,-0.8625720280752456,2.222449394624427,5.301913346130375,28.0
45,0.5684180883717584,2.6977196275520776,,8.0
46,0.7315906819653655,,,
47,0.808022275882234,3.714698385086455,8.36683920977984,38.0
48,-0.9384324428273163,0.5752343541973217,8.646668405178811,20.0
49,1.1746865860524927,9.318907642031757,,44.0
50,-0.7059418364666481,3.2509526436708898,2.1035702189561234,37.0
51,-1.5649341425220922,0.2202933132249807,4.284924895015484,6.0
52,-0.9773411501232063,4.025555485536086,1.714659964012939,44.0
53,-0.8337011506083677,13.333375572683291,6.652044785112938,24.0
54,,0.4576195671854532,8.04979842476593,25.0
55,1.0179874333615608,0.657339417721158,5.815359293002222,5.0
56,0.14765127777317683,2.448446906534384,5.4610979757484515,48.0
57,-0.9584139282355454,6.651919664553192,7.149788630589385,19.0
58,-0.5277885736620992,4.639564252506703,1.135575971962478,17.0
59,-0.08611080874060631,3.0620726962505196,2.476570048043163,19.0
60,-1.2321951619040128,24.630936017267913,3.1367876097716785,
61,-1.1071390549151343,1.0277049666090763,5.325057341857027,17.0
62,-0.00518909279100471,8.623031703023836,9.76026926527857,46.0
63,-0.209966333735958,0.6610153812692732,8.630124403327066,0.0
64,-1.1013183921204277,,2.4704510149038317,32.0
65,1.2997274441727422,1.7509391937033798,2.3298465400701938,38.0
66,-0.6982146748166485,10.321610842903816,4.356481153343602,47.0
67,-1.1891137440238542,2.936785348933224,9.746475929889423,22.0
68,1.2875931386295891,2.5191293241566735,1.5245380592276725,13.0
69,0.3056360538731791,3.3738434351627644,9.569430304533487,27.0
70,,4.983524122686306,1.9041909994732331,20.0
71,-0.7005001648023672,2.753849115780405,8.864355778120574,43.0
72,-0.36929585149278904,16.421298648827385,,36.0
73,-0.7350985830808774,0.7271056084273896,8.823206857149941,6.0
74,-0.5175174814925364,3.228134867244899,8.917637407556686,11.0
75,0.17308488959773224,2.684419880768693,,36.0
76,-0.9082968765775561,5.8997649808764745,7.787017117935454,38.0
77,-2.5713051448397652,16.495464438556123,6.820716106481154,27.0
78,1.6927190359061797,1.701287077740009,8.789212827673632,6.0
79,-1.2134895236856127,15.541874409093836,4.903131324755165,44.0
80,,,4.1345345486392135,
81,1.213822699406701,8.31624850604542,,36.0
82,-0.4696767088548158,0.3794182365460602,2.6984365306635425,13.0
83,0.3429553139469709,14.115912581744707,8.200549152182079,42.0
84,0.8403745893638065,,2.8597954684599536,3.0
85,0.9287816384729899,,0.43213421902595917,21.0
86,0.5102542904597032,0.684022224306114,5.514785654566867,48.0
87,-0.671673678279323,2.7239570882066544,,16.0
88,-1.294638118847314,9.170045407271166,6.904692696650353,34.0
89,1.800258425319377,2.8770996352650133,9.892922317125695,
90,0.13117357287225964,2.867541948685624,1.407287705773742,
91,0.4657458099217525,1.574415496296213,3.44566373028103,37.0
92,,,3.799430066659717,30.0
93,0.32739455306286236,3.5974949278672104,0.5814956588699172,24.0
94,-0.4224692017523909,7.446499228006535,0.43004654185255786,
95,-0.2875914480025525,0.7895382131575139,0.29445090995102285,48.0
96,-1.3486192636233185,11.21109980684961,4.0887938901568885,1.0
97,0.44905591821849355,4.051596845944633,8.44760891524064,26.0
98,-2.3132708662599994,8.364521858815191,7.096435307834002,11.0
99,1.1281148389114122,5.498662668971096,4.46763410826291,
100,,,,15.0
101,-0.4472847910592011,11.853903018281855,,2.0
102,0.8875038197308454,6.331896937748863,1.753798049877806,24.0
103,-0.3873043435514571,0.18113673532029115,3.871890435309723,17.0
104,,4.33802951779471,3.7045733140744175,38.0
105,-0.5537722669574698,3.2708460090875087,2.5936126172923757,41.0
106,-0.4237295804531899,9.8004436268922,9.971292460562784,39.0
107,-0.4238186347238965,0.6550153105582578,4.47380231868848,31.0
108,,,,49.0
109,0.32835624211346814,1.8573480929711517,4.070651919763913,48.0
110,-1.8803182059287167,1.4092877862274902,,2.0
111,-0.3966429777333725,0.11396575928387065,3.5209297962120614,7.0
112,-1.7796921410780564,,1.2587541764702603,4.0
113,-0.3735215907242453,2.521699198807008,0.008470173614206766,19.0
114,0.2596410676055527,,4.916243844953772,43.0
115,1.3629079749934525,6.634878518116757,4.891421270603253,24.0
116,-0.048184108036099425,2.58373586809784,1.5696173746897935,5.0
117,-0.2968858629934996,1.086055175819454,,27.0
118,-1.119385881423642,2.538703885907779,1.9180559663321017,22.0
119,-0.8746647279774216,0.36051533291776494,7.701895638691112,23.0
120,1.1717641696081174,17.891026667891357,1.9027052676898726,9.0
121,0.4598999747025436,0.3426438709961832,2.812633421989168,9.0
122,,1.1275495791131298,2.6988676116601895,32.0
123,-2.039728810135693,2.7933579879312087,2.2958862880624595,8.0
124,1.640349169388081,13.54569118964115,9.525739900083327,17.0
125,-1.2396378764764768,0.9845603925680056,2.6346136367058923,2.0
126,-0.011179677519176309,,4.849646896013605,32.0
127,-0.8753723000993999,22.695535171245048,7.351739706438211,9.0
128,,4.607114723007038,3.191335635353062,26.0
129,0.18351707820639426,4.767150619999411,0.1170073692818463,34.0
130,0.8565447799046279,18.27323416121501,7.6169058447422175,
131,0.6575086247658349,,2.8403237921416435,6.0
132,0.5984165911270166,0.012820144243249385,,6.0
133,-1.0238840078414224,0.15734829769564307,4.91153461829033,21.0
134,0.16884085837044754,5.719065115264311,6.24408788690112,9.0
135,0.33215066328113724,1.1881855649281572,9.509599307438357,26.0
136,-1.4149221093835616,,8.699607308837464,44.0
137,-2.0871932530325044,4.007809068161003,7.926385873149115,3.0
138,0.051326467932734945,5.503323658963604,5.307307753388072,11.0
139,-0.8263521735670675,0.4373118607245274,1.692897933518377,2.0
140,,7.136491909502927,8.410459864829908,47.0
141,-2.0127244028476006,12.639155199273851,0.9394705870658582,42.0
142,-0.7057612077232522,1.476861410044504,8.87458685756994,2.0
143,1.5751702306881155,2.3937776862192703,7.662564014393435,24.0
144,0.8615531993129063,6.809338784448856,8.03455032374985,25.0
145,1.465568964364575,1.428025571963941,3.7719692006875114,39.0
146,-0.7409756210094023,3.907101099076549,0.8496187362931329,6.0
147,1.072420791907251,5.393266549512653,7.269543159498416,45.0
148,1.2377369484299512,10.571157201180345,9.780665105831552,33.0
149,,2.118392915482708,8.584076403369904,9.0
150,-0.2563230907395222,3.3927534586233725,8.413882185455524,2.0
151,-0.47919707989423677,1.0203788051940101,6.323065712057092,27.0
152,-0.08774582459824475,1.8380329406236375,1.1626768533069765,10.0
153,0.09191352704185395,0.49875026726147154,8.632764837571205,31.0
154,-1.309194236504422,1.100975417997954,2.2203842318957303,7.0
155,-0.5738531635876478,2.1248555513097904,2.6449598427054264,19.0
156,1.112864934179141,2.7605982201627146,7.558579652809312,4.0
157,-0.5575618844945075,6.13582349211182,7.169060462570639,40.0
158,0.073346861423625,3.0665894438034416,,12.0
159,,0.25146446036292047,2.5195899828116763,10.0
160,1.2449199397867752,7.047720337985389,8.176857218668017,
161,0.6039358936698139,3.804955309167504,9.495830444495219,43.0
162,0.9316074660137551,,2.6631110022787863,2.0
163,0.43274700699779717,5.042579263712468,7.606501379776213,14.0
164,0.29015473905553085,3.8171165611121545,5.05635522079253,
165,0.872571130960704,1.7437383956164405,,42.0
166,-2.3280061211618905,1.3489514047341147,8.981172745317279,9.0
167,0.7064810624641843,1.307043183425727,5.482034569809947,2.0
168,-2.0761134804730337,2.6138401410016336,6.917606120150316,45.0
169,-0.5161242817891586,0.9399162708366454,5.924453971434398,47.0
170,0.8960960893100106,9.296225411354444,,40.0
171,-0.1637317308976252,8.178842694736645,5.1728249158046165,13.0
172,-0.07032444271216744,6.525372080972885,5.334421476828438,32.0
173,0.23990911782213317,0.24989589029995274,8.521696620672799,32.0
174,1.8567909158499052,0.37311059348027314,3.0265832993663597,35.0
175,-2.168026214332863,5.058852260860775,,22.0
176,-0.7216308960223541,6.910879811515147,2.6857535379460575,0.0
177,1.394008013968985,0.13539648923111477,0.7072978201506785,26.0
178,-0.2523937414670177,1.7159754605254345,9.032366084868363,
179,-0.19553256128282714,0.7325516454153492,4.106615652115989,20.0
180,0.6833002075634068,,6.831857228047827,43.0
181,-1.2447858634198803,3.6529681765441198,7.5788683130726024,19.0
182,0.8825789478290944,0.5784276349201893,7.970101880351629,26.0
183,-0.36559359918098233,1.305746866270833,2.2632281187968886,35.0
184,-0.1649883520242905,,6.556733818151317,40.0
185,-0.8137066111955742,3.547491412055056,7.602440377752303,31.0
186,,9.745260929600887,1.1978657217240207,38.0
187,-0.3163110701165503,0.8160059480326738,1.4130446529863905,28.0
188,0.27559009493765185,2.309262585539269,3.6390063284616847,45.0
189,-0.3717520177315005,,3.016699225227213,22.0
190,-0.04284561545102888,7.943234138894521,7.97234453611066,
191,-0.5594345123401453,4.548528942356053,6.426987876385969,14.0
192,-0.34754100537191335,7.326526161847314,4.97973563129574,42.0
193,-0.8573809309914873,2.9744864597307057,1.064055203968809,9.0
194,-0.9905143488283756,12.078051016454754,1.1256722639585381,14.0
195,1.7506676943767738,4.577160991889684,5.170154301173151,24.0
196,0.1839991627994408,5.947650717028471,8.82876784480031,16.0
197,-2.089831807134158,5.277564017054328,7.750731873996779,30.0
198,-0.11744201426650575,5.585376423248537,8.815686107022252,10.0
199,0.9849719178797454,5.123042536298402,5.651469778341339,19.0
200,-1.6692962368205166,0.3831332194441767,2.213766783210276,30.0
201,0.5600464229816136,4.629801276614201,0.3180735011517988,15.0
202,-0.06167984606814767,7.64850147998367,9.402741763245176,35.0
203,-1.7771918356108705,0.001979623741607146,4.7522774411928035,38.0
204,-0.6383425733787947,11.113132469495229,8.590173498711337,10.0
205,-0.21795769612089275,15.20717624868368,7.329810820400455,19.0
206,-1.285306505764407,0.6859206943259465,8.321670030168002,25.0
207,-0.7666801067448239,3.8291507327841776,2.1065340333818785,48.0
208,0.2286757313116569,,6.794426015510034,25.0
209,0.23618129280919947,,,41.0
210,0.43231784846392096,,5.5261739937812,46.0
211,-0.6736881014317148,1.803792003495062,8.352301366722784,5.0
212,1.0791623749833805,2.2749851907328376,,44.0
213,-0.1439673091230457,6.854761026318414,0.105378464211352,34.0
214,-0.437511804721936,4.278132414756618,4.5499518542940685,7.0
215,-0.24007399483185513,3.649520384487814,7.538980266789035,
216,0.3482382008634728,,,36.0
217,0.2840835183421031,6.089530940470044,4.678467233700499,49.0
218,-0.4675066947117022,2.7579483268417193,8.421551884077173,
219,0.9325769187871541,11.453963249856995,6.75045229007838,8.0
220,-0.21881794818732486,4.601477644865504,5.48358506442198,10.0
221,0.6750893689796578,,2.7288681577513407,20.0
222,1.3572455758562907,8.12617243360526,3.6734363768573797,45.0
223,-0.5120061107384106,3.3222270194086416,9.890551159095335,6.0
224,-0.3947930561636904,1.637580622947332,9.061214810484339,11.0
225,-1.1236984808105743,0.8426673169206123,6.956473199958628,39.0
226,-0.9483240208134694,4.125609952099301,8.589067420990759,20.0
227,0.6643440850633948,2.7656793974858225,1.3597916952389977,4.0
228,,,2.6757630047926217,5.0
229,-1.8485184487337447,2.1493565799071686,8.851560571660952,42.0
230,,5.567800501458878,4.708621282009978,25.0
231,1.3762535515510155,,5.9094130171508,28.0
232,,3.852719082502266,8.83665514666432,2.0
233,-0.2697346688147893,1.841748441353789,4.040090173833421,10.0
234,0.03560568000944958,4.7550705847658365,,22.0
235,0.1535633763153596,2.5835149290215016,1.1217636101307127,24.0
236,-1.4669373262716003,7.33708695566472,9.91413150205267,11.0
237,0.15412833241908308,3.7701213151725934,9.733749229971389,0.0
238,-2.9091895580433436,1.7085974022819994,,3.0
239,-0.6609009495620751,0.7992575500545518,8.52476659769518,0.0
240,-0.36444808196217526,6.0187974480648805,7.370674563495374,5.0
241,-1.6378195966907927,2.3189604150869605,,33.0
242,0.6533890576164539,0.3387781030273975,0.23892841677467747,26.0
243,,12.320740167101347,0.14074146110303776,44.0
244,1.6698820113262642,2.4440588410118007,0.6572203004077648,15.0
245,0.40436409160345876,6.850988238771767,6.2739183812603585,10.0
246,-0.2528979551563956,3.070896217447931,4.921701481438413,13.0
247,0.7273589704170026,11.078647728014996,9.96755558272866,37.0
248,-1.6832551515791203,0.14751609101452143,2.8653763035575675,47.0
249,0.17462021612801548,1.5015191034968647,7.256997562747004,48.0
250,-1.2677429402771105,3.9458236068554564,3.871018784296684,9.0
251,0.8090991493665797,1.9521125181943266,0.983201551684667,12.0
252,-0.4621709178910624,,8.771455514456003,
253,-2.1162378818142464,5.830465993305133,4.000019648955507,33.0
254,-1.3787629524742042,0.12927849428606417,9.169200906969412,32.0
255,-0.00897867556514892,4.587870279017515,9.369274008779776,32.0
256,0.33498382143050176,9.03598178147962,8.201445626871923,38.0
257,-1.5731479995891693,1.8962244681867277,0.27678727613046905,12.0
258,-1.8762814153827798,0.7503887772979078,9.660263565825076,16.0
259,-0.44202401622093385,6.702726686160218,1.241643935778397,8.0
260,1.5916889547945885,11.534344347035914,9.313093414255109,12.0
261,-0.5486573873822788,5.348728171742433,6.065437832650805,
262,0.21012949241255438,9.355430929593314,3.7746005267249694,36.0
263,-2.649319428479062,33.094135801309946,7.213146856907873,29.0
264,2.695343685700041,3.4596005427953704,5.0686097331121935,38.0
265,-1.1107634394703678,13.68909788076715,7.944808275173801,32.0
266,,2.110733777188449,5.137742961541396,39.0
267,-1.8657286832848887,6.845189501149572,3.6890913096920066,5.0
268,,11.586775286334717,3.6084185838916207,11.0
269,-0.6084744089597861,3.678971527121004,3.541088622378823,1.0
270,0.22456340854780124,4.923749046687927,,32.0
271,-0.30661274808333977,17.615780701585727,1.1012417067799174,14.0
272,0.4635713287543039,1.4462830438392917,6.617062007102569,16.0
273,1.0350846590517966,,3.4137351542456185,
274,-1.4209602285368341,7.398119726645573,5.615426302636831,30.0
275,1.6549264761311977,2.084933612004753,,29.0
276,-0.7258192483932949,3.473496071244525,8.571280644658488,37.0
277,0.4427818868916214,,8.616910699964679,15.0
278,-0.897285972311744,4.167613021816062,9.891816481614342,41.0
279,0.1165867685382323,4.928000577184123,2.415761785792103,44.0
280,-0.3857063342400613,0.4310830096146835,,39.0
281,1.9701887995641627,1.3979225262850083,4.249056752559548,16.0
282,,,8.966360970171841,6.0
283,1.5945938249323215,7.598924478586417,6.0025155025042825,4.0
284,-1.0195846049307302,0.10947470798898806,3.735246886520579,39.0
285,1.5934123458025222,2.0124689001071743,7.721233231764755,26.0
286,0.9719495030540832,0.024522995516559693,7.123452574218846,0.0
287,-0.3787742592847328,3.6832219760724714,7.135645660188069,1.0
288,-0.17810878964688506,3.4535079620554745,5.145831825368738,3.0
289,0.15442268286833924,7.04007811723387,5.304808286619879,0.0
290,0.0009640215113039814,0.019636442862227897,5.558228244040031,28.0
291,0.4019415851947021,7.10885373643716,5.526254523813599,20.0
292,0.1155372745872976,11.092463724208738,2.06315834563225,
293,-1.0037689500673872,1.909378581524038,2.4578575672514766,34.0
294,-0.5337315966063262,2.030003776761911,,
295,0.27679215045285405,0.005348667998323254,8.554681301475274,38.0
296,-1.0806798635588954,2.802818859418524,4.623926117020374,1.0
297,-0.531713407274208,4.7468346151067085,,24.0
298,0.5272505529818223,0.6545020710822992,7.933846149873984,5.0
299,0.24004731415048752,5.352528541585274,8.615034135798531,7.0
300,-0.29593261274395666,2.2765026214004487,1.3414813452106111,34.0
301,1.0137065293466807,5.588943272232626,1.487865449786675,18.0
302,0.967721400104093,1.4457309144065529,2.3662629144676117,8.0
303,-0.5917078014526264,7.450422427998346,6.626210244288623,32.0
304,0.6619863221988761,3.9798087215988303,4.762870076831755,7.0
305,-0.8981237908553331,3.8092176967079734,1.698133890377329,37.0
306,0.2591885427972779,3.3487031375023064,7.457825709752726,31.0
307,0.24884694365686397,,5.1747551720267815,22.0
308,,4.040037844001722,7.309966265906317,
309,-0.2682967315256781,0.8693820660815879,9.094724268690554,22.0
310,0.05510605550617774,4.914905711570114,9.147478732773187,45.0
311,-0.016388105216420958,3.6086246883601785,3.0111761824836814,31.0
312,-2.2761617630190885,0.35711921097359367,1.5853488115651948,0.0
313,1.382699661702192,4.350388189753177,4.338263632202453,6.0
314,0.6249736339679853,0.413565172966601,,42.0
315,-0.4622455967563363,6.45186469003986,0.4396955835497829,
316,0.945963425713319,5.317877973315461,9.781147457027483,23.0
317,-0.5229270719387304,3.3987508900288717,9.718243318270673,1.0
318,-2.6841244501717063,6.907216675669279,3.5178047881650674,17.0
319,0.3366382070790672,1.6476799334638936,8.20524372855122,18.0
320,,,2.234256343254285,41.0
321,-1.3385507333346875,0.07703217259468507,4.172923280494258,35.0
322,-1.0875844010514633,22.23797633727042,7.264499976980579,27.0
323,,0.2894943107619964,5.505428622383431,34.0
324,,0.5516155613766615,,31.0
325,1.0559987333466616,3.414851622699917,9.800390179297965,12.0
326,-1.2324059429126608,2.3572495597476806,0.09017644483137022,5.0
327,-0.7332389940653927,3.8001614689292196,9.245206170493523,28.0
328,1.2830757071887982,9.009395057335128,4.134472541837343,9.0
329,0.5216026381006406,0.8635633098291888,4.079491643392069,39.0
330,,5.101755247830856,0.006594639430883564,
331,-0.03757605158857811,0.0910000643289892,8.343500730651115,33.0
332,0.4006031822072506,7.804300623212384,7.589888954497618,19.0
333,0.02975228583891745,8.454040377943741,8.940103954639053,46.0
334,0.09888198146973137,2.3851637558276506,1.673608923836698,32.0
335,0.4585999648027512,0.9517681340958732,2.151125910601508,10.0
336,-0.9116050100563399,8.331657276446794,,23.0
337,0.18803318972485997,11.99597754642184,5.30206869705227,32.0
338,-1.9481753352562754,0.39146586002406636,3.451163374535622,
339,0.004665159183178347,4.335203055200197,2.997265257280798,47.0
340,,13.915566703230615,1.8269396932904103,11.0
341,0.8152758925946324,5.1604143475301,1.5920099759604756,29.0
342,-1.3970414430710676,8.582894558906492,,31.0
343,0.19416339502416335,1.3056677685391902,4.45900025657879,43.0
344,0.6176576126354754,,7.8513128633736375,
345,,2.359530699124495,8.238276426919668,
346,-0.6521552234983967,2.513544581928073,7.006139762125823,39.0
347,-0.3548869955629904,7.7136577129893125,8.31203103761139,1.0
348,0.4157916691988435,2.6068592121951264,,13.0
349,-1.1539864695698114,1.3498804592932578,4.5775967922626695,32.0
350,-0.44750577707814265,10.872741287179421,2.8645313719499343,31.0
351,-0.8706578574558126,7.631331319111667,2.5179736334490754,40.0
352,-1.8088994023703617,5.502595072030707,7.126950349713818,18.0
353,1.465938415440314,1.1603705856376039,8.312286824987098,13.0
354,0.02605219794124618,,1.147373012613233,3.0
355,-1.048407676314012,3.3800269141606836,1.2409941001353852,1.0
356,-2.3464031694270555,3.7849185609129945,6.3940343484594555,
357,0.32036180891250843,1.4792118177753986,1.4429897424195037,28.0
358,-1.5651447444498519,0.6583536285286516,7.683847096248872,14.0
359,-0.6694063795568246,2.256527390634379,8.286951297826795,30.0
360,,,,32.0
361,-1.2424460028891897,0.2698621846640817,9.084025459466485,28.0
362,1.6526784354049542,4.157908184788321,0.2035088048345568,10.0
363,-1.0260295752532673,0.010063454438957127,2.2641048808172815,47.0
364,-1.2415705062055338,0.8194991415589553,7.729392799991791,44.0
365,0.22718779990108848,0.7947418361930859,9.573005371090302,39.0
366,,5.816627637301496,9.605795262105577,8.0
367,,3.326607021021264,0.003980437686887939,46.0
368,1.4085323798515275,9.040551364346529,6.318634919706958,28.0
369,1.5008618920187173,1.538394373322339,0.27328999703476464,36.0
370,0.5497518846934317,1.1822483008051925,7.003258147044585,20.0
371,0.6713288654050324,8.120095785375383,7.680417548157488,30.0
372,,2.93677056188082,8.576628461774572,21.0
373,0.6763367738475701,1.6026149586138452,5.29443418326181,17.0
374,-0.6593387041584535,2.7086565840068904,8.501124116067988,
375,-0.1306814045860905,,,21.0
376,-1.3899048713385043,4.244418261630168,5.332288657186936,36.0
377,-0.43969629892495127,0.19197019156804418,5.241152204091172,19.0
378,0.5594360076782738,1.4247559457660413,5.05856982093086,47.0
379,1.0930378539488597,3.145175791068965,5.046363237252799,47.0
380,0.4510070349564345,3.907630913654987,,3.0
381,1.373700590537218,0.8643653080686488,0.6732992551830441,25.0
382,-1.4181922030329823,1.076015973789804,4.524906080813487,19.0
383,0.5245721606547538,6.502472156599692,5.239866289614455,21.0
384,-0.8789804055728704,7.6985603110668706,2.144557406284189,
385,0.4192621095342707,0.3905780117225411,,19.0
386,-0.8134270376797311,23.066046047739018,4.556598737969609,28.0
387,-0.5697068823485079,2.838072158786935,7.375824670481913,47.0
388,,4.406439443838025,3.53294349821631,
389,0.24374347638575924,4.502712747518693,9.497731529952338,22.0
390,-0.8348787826563209,2.1234060074571848,4.13730348819791,43.0
391,-1.5078962410805614,3.9349888449114676,6.3089242710628435,37.0
392,-0.8775613736482445,4.37816870764526,,15.0
393,-0.07060329217896918,7.15149904060894,6.886570214585249,
394,-1.2129544962010745,5.420477300836632,5.138530105745317,10.0
395,0.24626199340670735,2.9590678786581446,3.4223634397608462,11.0
396,-1.09718516558626,1.0618255630064102,3.47910499941142,35.0
397,-0.19229067785011764,0.12740972557240574,3.7545438344131354,12.0
398,0.32623304803646697,5.275665303353852,4.374533955750165,1.0
399,-0.4853294641060284,,2.476487714011475,10.0
400,1.0611450469987436,16.837569113384156,2.774010449827747,
401,0.3686849221905448,0.5174605656952836,9.58362823217675,40.0
402,-0.9281030101102105,,3.012617146808161,9.0
403,-1.1312881178405418,1.0000563738160808,6.26908089849061,
404,1.5528675850162594,2.364710727395244,3.4534036706945193,7.0
405,1.0988945706770805,,8.10839547257486,15.0
406,-0.35607065050072145,3.1166700466121555,6.9594610396604795,
407,0.2893576190087017,2.0753650250370717,3.2822728137984947,42.0
408,-0.28779690155222293,,7.166238974455766,39.0
409,0.6517746164813515,17.01146333637209,7.5674437429524035,38.0
410,,2.2692019205522524,1.3829161839871362,19.0
411,-2.0159760430532905,7.853477311499594,5.781463796783381,46.0
412,1.1426147123227313,,,7.0
413,1.35065569352329,0.29740540630482637,0.5034890451976715,9.0
414,-0.4747475752785144,0.20665252877068951,5.078664225106461,36.0
415,0.3107038723027647,0.14805601517377778,8.39834885240168,31.0
416,1.0851280141077448,6.657802648879359,9.527627085643344,26.0
417,3.39718063948206,2.0944440784911516,6.559851289539096,
418,0.5265715374884304,8.6816684631982,,2.0
419,0.34971447650944837,10.35078136725603,6.04843995593138,38.0
420,0.8609877294139288,1.8228536729069065,0.2736333923756462,
421,0.9591576779686337,1.7064242406979035,,16.0
422,0.53164735983449,1.8403267873922782,,9.0
423,-1.289032758554915,3.2260602283738686,0.36207106383824295,20.0
424,,,6.032334666457253,28.0
425,0.2943677941500651,0.05450946603426732,5.883220498330468,
426,-1.4687625397063626,6.6491164658922655,1.896723787738016,19.0
427,0.636051816494188,8.256728818380925,5.692227301980774,14.0
428,-1.1296721331924187,1.141579604632989,4.094502545081056,1.0
429,1.319505898285074,4.5054968474761,4.788290194717163,32.0
430,,1.2167810285591414,3.254064946956481,11.0
431,0.9440888267606347,6.625307980383607,8.103446275781847,12.0
432,,2.7280966091215126,,
433,1.2624983542579473,,7.908100405837336,43.0
434,1.3849067146820684,14.83470435356959,0.7657305264861225,38.0
435,0.5646410795082623,4.053485715035186,,38.0
436,-0.6299860222441823,11.54641325242814,4.026700215469491,37.0
437,0.42149064420463694,,4.045796147507584,44.0
438,-0.7290003813682965,3.1059122114151716,4.41294679011028,20.0
439,-1.1392428407519608,3.5008153825092214,6.523896083970653,40.0
440,-0.5136262153634513,2.6876671091115694,5.7405469549081705,15.0
441,-0.051311737680323356,1.8905310348004574,5.210476584639928,33.0
442,-0.6365995592296966,6.418005328833367,8.376723848299838,26.0
443,-0.2634314910598804,4.022430093097488,1.961668989321651,42.0
444,-0.5576611789094327,,,2.0
445,0.014163107232822717,15.050424092135266,8.114300882013556,8.0
446,-0.2273650377835668,10.924778979726295,1.9569453296855188,
447,-1.516963220161751,,6.240633266153263,33.0
448,,1.4131203803691808,2.2327760541434696,18.0
449,-0.7979364647080364,4.950655384188548,9.428206426348769,37.0
450,-0.9050861438571506,0.22136685508852488,4.929496220162695,
451,,3.4258316311862744,2.03722391267924,22.0
452,0.17459607228380614,5.583250086878873,6.361097756838023,17.0
453,0.40111881175649067,2.610151331678987,7.0720898049786065,44.0
454,0.12836002095677326,17.930088657023898,6.049696497300409,45.0
455,0.7283415508894889,,2.4168696176585556,39.0
456,,,7.352144447964401,40.0
457,0.131201793777128,,9.295627582677744,44.0
458,-0.8544937389591596,0.7060736549511302,9.5213482288952,48.0
459,0.4938794817127977,5.522586692335494,6.794796817829046,37.0
460,-0.14419399148135342,4.540214619890289,8.402452652570396,9.0
461,0.6258822350946178,0.2819562257896107,9.786318104668366,42.0
462,,1.9128004791732909,0.4338080322709814,9.0
463,,3.824059334398205,4.76990572681907,20.0
464,-0.7892874809396544,3.972074980478182,2.9140806303582245,37.0
465,-0.15902858517102425,8.41213072794593,4.747871731768654,37.0
466,2.033191618271428,4.429262077597992,9.169177981953563,46.0
467,-1.8519197537782854,3.141541842673698,9.833861571555943,6.0
468,-0.45463868589815337,6.97081419759016,9.049243904335771,11.0
469,0.7829017760437347,4.230209549585719,1.9711744202024506,40.0
470,-0.7151121512542471,10.760345068570569,8.028642929435719,32.0
471,0.11019795263187442,11.793968628462817,8.176566225680128,24.0
472,-0.09924523738364865,4.6366042419430284,5.793792003478408,27.0
473,0.8501976759956061,4.154415224105664,7.148920560018976,
474,-0.24468407090482663,6.041244828057094,9.05357368112811,47.0
475,-1.6464149578977556,6.464249913750355,,
476,1.6891716475706071,6.49450834666451,0.40069643800878296,17.0
477,-0.1284012155309453,4.847224823952233,2.571629344619357,22.0
478,0.15860357095956856,7.194544911193532,9.345760777385806,6.0
479,-0.45379345583754366,0.7780996984723964,3.291493149932443,49.0
480,,8.615097935893983,,7.0
481,0.9827577761046842,1.8584528046898914,3.1326605452453213,14.0
482,-0.1450597519207322,10.844107668065213,5.1849578176039826,37.0
483,-0.7790843822884206,0.7068170387943902,3.8609125311569503,
484,-1.3052433249427728,0.018048061850718177,7.883031076286644,26.0
485,1.1745343477422152,0.07898367895647293,6.110356543766899,20.0
486,-0.44087512018528957,1.1796238278548274,4.349045563479289,43.0
487,0.5523332976162479,0.6039199304016267,9.972612227632027,26.0
488,0.6924443979636931,4.036204170799065,8.859388420175328,46.0
489,-0.22531834932301928,2.974788792830126,8.622565715244061,46.0
490,-0.07852269535381161,4.657691500297687,5.672532674977589,
491,0.01169651190296031,1.0700337934373727,7.7992534721782665,40.0
492,0.8058661016031217,7.008847664123116,3.35885452430713,13.0
493,-0.8143361374053636,4.714058299020769,3.2985054958930036,20.0
494,-0.20331858155471977,1.2499684472805186,8.92053099834532,
495,0.2929382076817204,2.54517763149968,5.968333466794018,48.0
496,0.3134534188118281,6.332885523718486,3.4358679026783445,42.0
497,0.6214976743946855,5.702966545008214,8.453229106398426,5.0
498,-1.3296582131947172,,4.4255402336608,
499,-0.326632533798964,19.320432099231745,3.9997588299530493,27.0
500,,0.7067960167342675,0.26171008666573403,48.0
501,-1.3006527579075162,3.3498791564531123,6.790025217830953,28.0
502,1.7565834597235421,4.8912933599465225,5.326424529156309,36.0
503,-1.5487005844842932,25.60164757214946,3.1182912019699884,37.0
504,-1.135546643858196,3.910881080406536,1.3930143121745109,
505,-0.7140960894710452,2.9203020909268345,1.8241562421199309,32.0
506,-0.8267024560396545,,2.24862014780262,49.0
507,0.5014215796246699,3.5299772410039747,8.652035571176317,45.0
508,0.08525331317245471,14.003096683277134,4.806360667752063,11.0
509,-0.8892937138358233,6.939663776419892,6.954971110706948,11.0
510,2.074816182676629,,4.613184212771969,10.0
511,0.7502896424015294,0.9164040697475272,4.737306891537417,27.0
512,0.2601363135829514,1.9134357963147348,8.221478748811782,34.0
513,0.7197915962459129,0.35032087051605204,7.711567302403482,33.0
514,0.39916414473370904,3.9103384324891417,2.3213817615273626,21.0
515,0.1954048718940927,9.82137096652233,6.257198093888537,38.0
516,0.5044127685217724,2.5543333602661695,6.801882151580926,22.0
517,-0.04012925099852595,5.225120251694487,4.048034454169135,11.0
518,0.6709317783509148,19.945143431087317,0.6833175735224095,18.0
519,0.07953694083304017,,3.7140483873913546,30.0
520,-0.27733227726000076,2.2163473352605134,3.5830519727856194,12.0
521,1.6317163362412523,0.12653673044298175,6.906295810552442,18.0
522,0.08342043248051258,1.3191376161089285,8.095178149128154,35.0
523,-0.24683386754135606,7.557462725495024,3.9601575693368387,21.0
524,-0.8587043913651022,5.344154338530816,6.457162534256264,43.0
525,-0.9983783335173774,7.6579489511378585,,29.0
526,0.043449310221148195,2.769653223633483,6.481551514830115,3.0
527,-0.36191098277588835,6.652094755311769,5.543090041740232,12.0
528,,4.575920300040406,6.292161763397947,19.0
529,1.2936855170503383,,8.676874489080886,38.0
530,1.0418171852015488,2.658575978275404,9.218289466394582,5.0
531,-0.996156327767683,3.897126562465007,,43.0
532,-0.3433828448706086,,0.11752573556567003,11.0
533,-1.6232755945919302,13.39455201582953,5.1891581417529125,15.0
534,-0.4921381365796542,,4.128123600045396,44.0
535,-0.6797193466526765,0.08273944995456943,4.511694400253148,16.0
536,-0.16080616495121142,6.314720204784587,4.5850520035431295,7.0
537,-0.8864819191210463,11.252594423744466,8.951885915303802,32.0
538,-1.773085146471521,6.721649109419228,6.366270667374386,43.0
539,-0.5509692468768348,,4.423400753252448,
540,,6.451135716030105,4.547827098328612,11.0
541,-0.6354849698103823,2.936133666134277,8.445026278984836,25.0
542,1.9394836389608852,6.262238761663173,2.170562293249861,18.0
543,-0.8376885840663981,7.578618308590832,0.1474649253425675,12.0
544,0.07968728986435235,9.263675533533064,,9.0
545,0.323097075199496,6.51021471711946,9.604709589168847,33.0
546,-1.041840007876467,,8.14372040216168,
547,-1.655342696021212,13.766114521378952,4.083952240475428,26.0
548,1.0859148243181895,1.2001127090394865,1.7509909092106923,2.0
549,1.094715803954684,2.212476899706812,5.7013522974083894,43.0
550,1.392967335338992,2.8027786229676876,8.797045634569052,4.0
551,-0.8185078074691585,,7.172735657956444,4.0
552,0.3690977596685389,6.040515223013693,5.402002229785281,36.0
553,0.038856457783596754,16.314722331239736,7.348765198530398,6.0
554,-0.09850098474488135,1.0444290436409935,9.646546817061292,39.0
555,-0.38362696029827126,2.9958216631373276,5.5269350905280845,47.0
556,0.7754377084281562,1.1391004316226905,5.55347945136382,41.0
557,2.62917253678907,5.582292388890099,4.786033188365403,12.0
558,0.2767087678283199,,5.666129773769047,33.0
559,0.1782787048540807,10.120721861614081,6.351622284896874,35.0
560,-0.6559276575919049,20.29697372102159,,
561,0.6731441853017134,1.9051323557285493,5.680291936781391,2.0
562,-2.458306276864531,,0.13457342754176538,9.0
563,-0.33245799646805413,3.8049972353943557,9.37929346890246,42.0
564,,2.225806903288866,0.3783929570902278,34.0
565,0.24555792275299385,1.0611818120230851,9.581530900953233,36.0
566,-0.09586380021948561,6.35070716591506,9.689927673248715,5.0
567,-1.8426705691613539,0.864290737073256,5.267902299767463,20.0
568,1.4964251778888025,1.6469494798230926,3.324181798565242,44.0
569,0.22966686008412807,12.604422987131652,1.8495071664660223,4.0
570,-0.02307058235084337,3.5500892276620477,,2.0
571,1.2587789338057278,9.623641519415912,2.3793393946994854,19.0
572,1.2090146220230684,7.295272599627491,4.762065167289496,29.0
573,-0.21454980389130218,2.359939463879533,7.428981385211336,11.0
574,-0.25894593276858663,1.2296590547308188,3.9872958803614633,34.0
575,0.47314604284488576,0.5263068513395402,7.8101208192674845,31.0
576,1.2345768406972844,16.17348184167704,5.645861470198124,18.0
577,0.9860042691265524,1.9630008088666873,0.19276975686369213,14.0
578,-0.9660499968151365,5.59073005306796,1.317914844604955,
579,-1.0866802384918683,6.552192601076384,5.722496696683019,25.0
580,-0.8636865556763288,,,5.0
581,0.5483716342717233,5.917631562327765,6.0831170372369545,47.0
582,-0.38417121221454875,0.04677357242362581,4.452806637302407,46.0
583,0.49689573214272187,2.7081672887367207,6.900822405724726,25.0
584,-1.2967939167843396,2.1570467639149413,2.9143705860190963,1.0
585,,13.501433298900176,8.21625200051705,48.0
586,0.4911847163680645,21.352469348250306,3.8888428833427158,
587,-1.54684978738618,1.6979485395652483,7.966479738854425,31.0
588,,4.7080856887577145,,2.0
589,1.1107274800612326,6.836762643866654,3.930840989490018,18.0
590,,1.0604097906675818,2.2018843181146153,35.0
591,0.7687633279147138,5.801542037497431,4.436803186754565,19.0
592,-1.8726913128901241,1.4900125806326785,9.468099501277846,29.0
593,,0.9247785118529471,1.5895726158260093,
594,0.7272854558814774,9.508188204184071,,44.0
595,-0.3357160005828943,3.4905890885215562,0.584961582282002,19.0
596,-0.4516808980452307,,1.2335997482387229,33.0
597,0.7811880416799785,2.593417973837815,0.6195767319461576,43.0
598,-1.5851007856006545,2.6651077259691047,6.847380413150446,16.0
599,0.9191016030817991,7.34912756612793,1.174017550983354,41.0
600,-0.644211123876293,,1.9743991240686132,22.0
601,0.16431696012364527,3.2281016373535065,6.455309491988426,40.0
602,0.19993781748774,1.9495794811536105,,8.0
603,-1.3530453860471625,6.496266880884475,,26.0
604,-1.615548105149591,11.78580090505128,9.706741142261567,16.0
605,0.24978457431032852,0.6056717911517198,5.999310353064801,40.0
606,,7.968113695362277,6.13791542939294,45.0
607,0.2800313469208319,4.07286723232687,,16.0
608,-1.014476996576907,10.109831007867978,9.090934257932355,48.0
609,0.875856334644537,3.6088130240499177,0.5709035811177143,1.0
610,1.2122315859133685,9.923413424256063,,14.0
611,-0.27640298886875897,4.0426107080661815,7.765509216402294,10.0
612,-1.1557155863068915,0.7825805718363517,,
613,-0.5658090944617077,0.024790208649911206,2.1681240970977678,40.0
614,0.29129187270533335,4.838100893739602,3.212270363632994,8.0
615,,4.4838064154681,6.110409494975436,13.0
616,,1.18002869076777,7.889905388820987,
617,0.823221833471309,9.50669760841562,6.0315641551284305,42.0
618,-0.2525867825127386,10.115693843980317,7.9196860593002025,11.0
619,0.5317589483837314,8.152759841462299,2.2861804255242566,6.0
620,,13.79040804674383,3.311143764527932,
621,0.04862426755956348,3.532816713422809,1.016231262007704,25.0
622,1.6629435583903502,6.05845383897142,9.848144319940069,2.0
623,-0.6269425018739511,11.74140932098325,8.0899025618619,45.0
624,,3.0463106809978733,,3.0
625,0.5821801468304442,,1.9481246494924154,31.0
626,1.8172048463446209,3.5953002334206117,6.986838722205663,45.0
627,-2.0630751633546667,20.447438161271357,8.624127820514135,13.0
628,1.215694984738377,2.8779701527693073,8.103489033433531,2.0
629,-1.108175603273969,1.9065351970246225,7.546853694885378,12.0
630,-1.530404664287832,4.966281561071655,3.8715697377678504,7.0
631,-0.9487857169677498,1.6473539844734004,7.66964226203733,37.0
632,-1.4793872844474591,9.7444148889743,4.845726224392805,1.0
633,1.186375536523749,11.13911047646031,4.04525557148684,37.0
634,1.6150600489407043,2.116137666004085,9.647823197915061,45.0
635,-0.7046232435036327,2.2187154705867638,1.4666989029557553,30.0
636,-0.2086240425794243,0.45305089197662346,8.647189528351499,38.0
637,1.1306120587751267,1.4778264327040322,3.2210028442466743,26.0
638,1.670943383369758,,5.164127470069337,16.0
639,0.1505584082260673,7.078253315393821,3.6293598645946035,34.0
640,-0.43872290579634343,0.994199994428205,,45.0
641,-1.4197600302105933,0.41112923071746327,,23.0
642,,,1.8301320912972852,0.0
643,1.6288144680686674,2.368719286433232,7.547930577016246,28.0
644,-1.1877401022742549,2.745176884460098,4.458889719002022,
645,0.3917345271375117,,9.34950252252573,43.0
646,,,5.469873479630674,34.0
647,-0.34492779957401487,6.324403445790296,0.41375400983896693,43.0
648,,11.2647074444696,,23.0
649,-0.22193379198603286,9.714095555301181,9.244930212349642,45.0
650,1.6322212133450194,1.109278844720382,,32.0
651,-0.011558474826244787,1.6405762781119897,9.726624121730314,25.0
652,0.5661906708726555,0.27992980877811097,,36.0
653,-1.4700679291482108,3.301374203339167,9.144197107269475,38.0
654,-0.11254736723518498,2.5983174171864025,3.640780274653912,25.0
655,-0.18532059014612923,3.9406284017393634,0.22683700406637364,37.0
656,-0.12183909819043605,3.0613165261443247,7.9502048713895395,49.0
657,0.4308017657874565,6.655232362491893,8.858112246081728,37.0
658,,5.5408343721011555,1.6280865420855661,10.0
659,-0.984454508322457,2.798356496794019,5.539809377472108,28.0
660,-0.7306438085091848,0.19288986301680955,8.31558254255857,28.0
661,0.0007074097852492834,2.1064748821463217,4.615457632332854,2.0
662,2.1213846404842567,1.9591555177542663,7.883658713871341,8.0
663,-0.7512709007458243,0.46802719276699434,6.380932905921477,34.0
664,-0.4644750782072932,1.8137146766339405,7.207304285034012,5.0
665,-0.3305996937247539,21.856590255423374,9.188158611284175,8.0
666,0.3312397343503641,8.608876205843437,4.168233549992292,7.0
667,0.9632284690875561,8.088315566522947,7.709748942075883,26.0
668,0.3881302028420308,9.267252285179922,7.126835405786353,33.0
669,-1.0363813817881369,10.014294361466646,4.389889998953446,23.0
670,0.6290948141058771,1.9678478337682934,3.8117393326924534,47.0
671,1.5174947078510694,1.944964052638323,8.813546671821383,4.0
672,0.04364248263002638,2.0507454991667946,2.0473949933878455,9.0
673,-0.26104294585981025,8.533737226501476,3.1850710555483785,19.0
674,1.7514685674448387,7.9804621245859675,9.744820065722266,21.0
675,-1.3114537702278284,0.08523640396541185,2.7736579010585007,
676,0.13341624293168147,14.897068894796327,,43.0
677,0.3507538554453914,1.6813229635927147,3.714277839511552,28.0
678,,4.919371543526601,5.512036305954712,30.0
679,0.6416136829661656,5.10707505213753,3.9834225459470285,5.0
680,-1.1758483647506461,0.6017175501618947,,45.0
681,-0.26814500657960266,5.949518226124624,6.911058619497937,6.0
682,-0.38112850270545706,3.8133326402264074,9.66610201023334,32.0
683,-1.1186920129852944,4.71966377336042,8.928109138035378,45.0
684,,2.9613119462101607,9.852766870708908,
685,1.2658072005865446,8.157461265154286,,12.0
686,0.1620939761740682,5.041490766853373,0.3447823831385888,
687,-0.9415326043885967,1.0717114410297632,5.540698308993449,29.0
688,-0.9383558123386798,,6.225152933114853,32.0
689,-0.03534958499050019,3.4914256492612425,1.201437885243789,19.0
690,,0.18993592130295503,8.284269386202523,18.0
691,-0.8818246579366456,2.511344819269517,7.3008067630987705,18.0
692,0.5578112835511367,2.5685427342378713,4.484290758393219,37.0
693,1.446211981166517,8.083156720800112,2.919947491645951,23.0
694,0.5436119887637414,1.3326481450167909,2.2180582488478873,4.0
695,-0.8053016135401464,3.0122856303147962,9.644468428539179,21.0
696,,0.27971415444676856,8.020755633420935,
697,-0.3004902601064947,10.661672465072074,6.933842421385421,27.0
698,-0.47491002169213564,2.9333595809489266,9.483801836675761,16.0
699,-0.02177015502591057,9.71035484458429,2.0350484273185074,30.0
700,-0.5177934214978593,5.654182897140859,8.576082056905198,
701,-0.9391330934545433,1.9272325132594923,5.8344608206518656,6.0
702,0.4630696898953003,6.236260461863691,9.330493968888224,
703,0.9417928568810886,3.163553287944158,6.606099787114347,11.0
704,1.0321068603696484,2.086939170313539,7.415333086584473,6.0
705,-1.0230279150298212,5.512016126677468,2.22257121015219,28.0
706,1.008202242059823,7.443543285090469,3.449960142600953,44.0
707,1.5931256344384888,5.8335839214671195,3.023056441109161,7.0
708,-1.049040048403798,3.1074847051000045,6.941459496038163,3.0
709,-0.8935036028937152,1.5008548530161794,4.111734356622173,39.0
710,-1.2583003368216654,8.314084112248185,8.599779491790931,15.0
711,-1.0979823784482319,2.128191719044204,2.1258151859692944,15.0
712,1.4294059964615262,4.7460763333536,7.95667544225453,21.0
713,-0.9044115885427243,0.6128084707431981,8.132427615971059,10.0
714,0.7153602525640491,6.740719678456654,,40.0
715,-1.5432168625083487,15.278774676636198,1.483101437311115,10.0
716,-1.362708390902519,2.9827191628137877,3.267190171253016,4.0
717,-0.7982527569995538,3.9743237729417786,3.9774155801488478,41.0
718,0.5817297687448764,11.48748704113044,4.654489839548931,37.0
719,-0.19800625632074373,7.931005158063477,7.367659745328594,47.0
720,-0.06885741916170633,16.38783190842053,,11.0
721,-0.7872482400342212,1.5466736836985682,0.18217760921737436,
722,-0.5468094671319595,3.1743255858212716,8.660786979721,24.0
723,-1.1445230210503192,3.0407510721691966,4.323267732169126,44.0
724,,3.2037401016293203,,12.0
725,0.34713549642060304,12.21646912963665,8.191858418976194,47.0
726,-0.30155812495974055,1.1503057855722938,8.788453825982979,25.0
727,-0.3338644561230928,11.264091346170948,7.3103884254131355,10.0
728,,4.2329698466874,3.5431595974875094,39.0
729,0.9496674589156379,3.8484410800905042,2.310837281518702,22.0
730,-0.6404893239149874,2.6935526496544253,7.12799698743863,12.0
731,0.6751072251109395,3.8787765817209934,0.5745938196806921,32.0
732,-0.639101159490861,,3.9105320764902842,27.0
733,-0.23095728285146702,3.3886738066848925,7.588053751259428,3.0
734,-0.19593492634169513,7.481052743875849,5.85072151569115,27.0
735,1.1149315969077225,,7.3385284668538375,33.0
736,-0.48492980525506324,1.0099437255194226,,9.0
737,-2.0598959486835478,2.6778348024708922,2.3968746923914375,48.0
738,,6.424903581391542,4.832149234807092,7.0
739,1.9445447900402515,9.544338862499723,7.730620649167913,8.0
740,-1.6534482151536591,7.383835612167346,,17.0
741,-1.8792793986243541,,9.63020662771864,1.0
742,0.8089473164906829,4.327380264024717,2.028632485712661,17.0
743,0.6898757116587692,2.2349731979928475,0.1420700727879065,39.0
744,-0.3662818309618978,6.09538458143938,7.780707537123527,1.0
745,0.5280728983884404,2.8675156022154424,9.284028815821873,21.0
746,-0.4401725261136037,7.23738781921265,2.466426739857883,15.0
747,-0.9734291194844759,0.06439366800344373,1.5505647588686455,36.0
748,1.7001147047736982,2.078740591891849,2.239287283287789,31.0
749,-0.6699811146805856,10.52779616471674,6.278645639407299,9.0
750,-1.3489256684201139,1.9544459290478844,5.790205400047132,40.0
751,-1.6851490937170293,2.5106871552926115,6.213467364002129,33.0
752,1.3103850520057503,7.820687311192333,0.0773413170429349,47.0
753,0.17213506770511236,0.4969794379532008,1.569870829659038,15.0
754,0.839624492480453,1.8690512081190358,2.4323802482149723,48.0
755,1.8596917811348435,7.446452272851893,6.97085485939153,33.0
756,,15.734809244606428,,36.0
757,,7.63552097966559,6.239011814469699,39.0
758,,0.9462018155588374,5.707143479940443,33.0
759,0.07408774187053767,9.009631132848304,7.445141169402851,43.0
760,1.3975420927743956,3.2291715604939792,9.416944857360468,12.0
761,0.04113602741490399,7.639415617417782,6.7356637709818035,47.0
762,0.8365717935758827,1.3679397839980314,7.449623213552316,36.0
763,-0.48106946081795754,2.0861647264665515,6.081859593840377,11.0
764,0.3996033540813172,11.595467526679414,7.976371873757318,14.0
765,1.4010401384134266,12.084358907428223,9.4298521919728,29.0
766,0.6001915744613514,1.6785916464406183,6.051035284602583,30.0
767,-0.4119882517899898,0.4362502761337571,1.8100674155956464,28.0
768,0.07991017803373676,13.226429252220615,7.702664598926327,33.0
769,-0.405998885820507,,6.508331397951245,31.0
770,,0.6398452169343785,,43.0
771,1.5071199919639122,2.1394281249779645,2.721339794395259,22.0
772,0.13292152291222345,1.656421755855153,9.700366575660903,9.0
773,0.8588986367125823,0.41993568566329353,5.51826089119103,7.0
774,,20.594987169952716,9.639977636736248,20.0
775,1.2999793436004463,1.7390770608912531,7.840392500587903,10.0
776,-1.045211165799752,1.5898780355094109,8.659596892036637,11.0
777,,2.7230369976315076,3.238416786442442,48.0
778,1.8566525441818014,2.6791938166895752,2.194343168951339,38.0
779,-0.6563660977079215,2.844282855178608,6.240836500184353,46.0
780,,,3.7433110319057015,18.0
781,-0.8458873876825136,0.3106345933716281,9.858949370529768,33.0
782,-0.27371556171723926,14.206055087486046,4.954970679106218,37.0
783,0.8077933812381702,5.481881157287333,1.1047449220624606,33.0
784,0.15216935820731553,5.978547917476557,4.988026819485589,45.0
785,-2.0209620417448018,0.8589977755719795,5.350829913441393,
786,0.40919763847961177,1.9958667003021948,0.04728723089869269,39.0
787,0.1354941594425631,0.2681611201902013,2.454893971554406,15.0
788,-0.541402651036772,5.293291510054318,0.013395372873139522,
789,-0.2519569753597915,2.0764344372311276,5.6100128758159045,49.0
790,-2.0624803058084433,4.006485565873084,2.9213381431140095,28.0
791,-0.5486961910801451,6.986337918352134,1.7320756281497596,44.0
792,0.7294097302041833,,8.385835555214937,37.0
793,0.1727314980363862,0.37089733539067293,0.3001765096542619,35.0
794,1.0115323132034109,0.31810877831489565,6.917090651944481,20.0
795,1.8587802173290866,10.092965046146693,5.729991535114845,9.0
796,-0.8242969684529372,1.5200700116177233,7.715522228345648,46.0
797,-0.889752753874271,2.2487367656738337,1.3226331000271485,22.0
798,0.9506908802801549,1.232037811907068,8.7158004040058,43.0
799,-0.15531113665248836,6.001248006368911,3.2163089333102746,43.0
800,-0.1821103475231378,2.4396049566094753,0.08547195822904641,6.0
801,2.704442853289972,3.047022158381432,6.566769051352384,
802,1.2485632686944979,5.61140817683564,8.593518065600158,4.0
803,0.1591554769134706,4.878405509687441,3.536914411078047,18.0
804,0.51221249702774,7.443719656649614,,45.0
805,0.21318289763670414,6.907935158648874,4.123331033590487,32.0
806,-1.3138624940703212,2.8981506459083906,0.42465348817640636,23.0
807,0.3533104815453023,1.0650673224167846,7.531293245307178,42.0
808,-0.13913685467889564,1.2629885897906312,9.414716372864659,
809,-0.6546463054797738,6.133447296073241,4.200778597493578,21.0
810,-0.38081902466077266,,1.4443578596615214,35.0
811,-1.2499888569589406,2.90315233214945,5.050743527345832,45.0
812,-1.5384036546050954,0.5709166589843877,9.047546821693192,20.0
813,-0.6930917146280218,0.6520182067867818,6.058193407409178,17.0
814,,1.438061009164159,2.1235758765976764,37.0
815,1.9217716210549902,0.44324462887900656,5.53208220464386,26.0
816,,,3.2686538194211554,36.0
817,-0.4547413574253776,4.198878418649808,0.23560048935037936,48.0
818,0.5297912698171634,6.827926997498881,9.13642366353047,24.0
819,-0.00621170525640982,0.16624695314075896,,38.0
820,-0.531620900604959,4.5891693942112655,9.24076522708407,29.0
821,-0.9396393448800627,2.2563918374461704,6.827975660670898,42.0
822,-0.31858594509168375,1.2850614969539516,4.497386147383764,13.0
823,-0.48283552731982626,0.16188131058179767,4.931884248484641,33.0
824,-0.15543767596133437,1.9721600800184778,2.0462038734470034,31.0
825,2.0543899774271033,7.795582697349572,3.862991000467404,30.0
826,-0.09314211401176395,3.7753565503036413,1.638509243683971,48.0
827,-1.2438592708102834,7.472616343403602,4.7346183517261595,1.0
828,-0.20175175167403062,2.65816805264432,,46.0
829,1.1647669612124967,9.265651585444513,2.5659624381408666,38.0
830,2.0388622488411556,0.8146797885645191,9.437673946352671,34.0
831,-1.353037113033328,8.574927590899565,6.468460982667011,22.0
832,,3.2313207057396354,2.1991769249261783,5.0
833,0.35977038008270606,6.852177358357208,1.6700062258541126,20.0
834,1.0059502742234125,1.3749622194825597,1.6997076460286997,25.0
835,-0.17398791536759245,3.3291876085124743,9.738556691491485,29.0
836,0.008177019191027349,,2.366229395176763,40.0
837,-0.4188927893013836,3.30587113342814,1.683737908526599,41.0
838,-1.303703425798607,3.063388654637991,1.6398973459406307,29.0
839,0.944766966393009,8.321084229239737,3.4429477216443893,7.0
840,-0.9502446242005124,0.8857687887521712,,
841,,3.2227536122955076,0.7907762838320753,32.0
842,-0.46781731647555985,8.640391721993321,1.5943457823493956,9.0
843,-1.6788100359455234,9.329834515346578,9.764526898823448,17.0
844,-0.4041596577237806,0.629366514100492,6.177919016355636,47.0
845,-0.45959326787264165,9.490699664558356,1.3968334623679857,35.0
846,-0.09153173077275212,0.06113931138658126,5.500974431963185,40.0
847,-0.47771959503448885,9.674412878868386,2.409375387414113,49.0
848,0.0556398269403544,1.5378481357712617,9.736163774968045,10.0
849,,4.315747817076806,3.888119528408154,43.0
850,-2.4962452775104538,0.04837982333135139,1.423751181412527,7.0
851,1.5289467592953114,6.574385720396531,6.129653863399948,0.0
852,-1.4381509554476202,2.8243111060311294,1.3730692997721128,7.0
853,0.45139361578813564,9.34752739480987,5.180699314632368,4.0
854,1.2704074525589655,4.054251122558477,8.52232957304497,0.0
855,,8.998660213203635,3.457307436222048,2.0
856,0.20257602982785414,4.7294296413457095,4.774814957489673,26.0
857,0.7350071293540656,6.849540824604787,1.0832609090240175,44.0
858,,6.891165386613334,6.4634143938686215,47.0
859,-1.1712037472136478,1.4161866304907305,,
860,0.4189577067354658,4.304879226944722,3.269647330798403,43.0
861,-0.06118391136257951,10.351945921159853,8.411828579853308,38.0
862,0.49569639392883114,10.554722206571743,1.4991861168495202,39.0
863,0.4899433966783408,2.4282887629651984,,10.0
864,-0.06094763462964623,1.9644285730921398,6.30571868189414,44.0
865,0.010995842923000505,5.306112980991924,1.4104336079459945,10.0
866,0.541446144730243,7.536535957613976,1.6849222426522947,35.0
867,-0.44633745991159024,0.18056586573283742,6.632133899686265,37.0
868,0.7581911667754967,0.4904464934309726,7.2917118307501045,30.0
869,-0.7384199642772908,7.541903132045954,6.557334969590962,23.0
870,1.9835416151565881,2.870595736524514,7.14051954209408,
871,0.4892495856032578,5.507805581982725,3.6158347155250556,31.0
872,0.2540791204710021,8.584099683168407,0.01435313248689618,39.0
873,-0.5678346776641394,7.069408826958269,5.2890039391810095,37.0
874,-0.1182429029568624,8.29623602538106,5.945177455123946,
875,0.42978725846692883,3.606499208259393,6.876545373477442,49.0
876,,,2.313130645839964,
877,-1.1461573159975473,3.2075979080083483,1.7023177258375988,11.0
878,-1.34355583283472,16.523324664543427,8.303054217548718,14.0
879,-0.4613520624616799,1.822481098518305,,38.0
880,,,,12.0
881,-0.4426601390858294,7.250108297017777,3.3976067998759643,29.0
882,0.47782233126969437,,0.5901806875663396,41.0
883,0.23316339465669558,7.074439961684823,4.758838027313921,18.0
884,-0.23049607576939324,1.6024911992574915,,8.0
885,1.3617219558215519,1.555281491012308,0.3653019673646207,27.0
886,2.3005861860242907,4.366435052747918,5.750614319857734,43.0
887,0.5475370956002089,1.473782785508224,2.6081903981076335,42.0
888,0.44425178880141564,,1.1912541900987939,24.0
889,0.07581323433525584,11.976332639247413,6.048912575760235,39.0
890,-1.116061245814452,2.592896704976304,2.8234591142607677,40.0
891,0.9903685820446575,,,3.0
892,-0.2347403662799168,14.259263444549557,0.1521003953543909,36.0
893,-0.05775725883444252,1.1632497027072783,,6.0
894,0.13686265351653784,2.826291140236144,8.654231131324387,40.0
895,-1.201288198021559,23.083155161353574,6.501171366851452,3.0
896,1.3167979078524563,0.6876448190077478,8.675101665024044,22.0
897,0.8404314983123796,3.225150240685808,7.404744979150994,43.0
898,-0.8201502610727113,2.8270986437326187,7.197154446737245,43.0
899,-1.0430798653889708,8.303510464943416,8.700231605136175,5.0
900,,0.8841972193722896,0.1954311303104861,44.0
901,,,4.199983085573159,8.0
902,-1.1238956480700895,0.9652138343625648,9.604140581719435,8.0
903,0.31430857312226257,0.9113869529694567,1.7716173705663785,20.0
904,0.30342445922207084,1.4905951962056014,6.537273556854096,2.0
905,-1.245079014579701,3.7562217378374037,7.9019319732474536,
906,2.0426975045798,6.136076233986055,9.336045201984442,37.0
907,-1.0029117059160237,,8.717974915913189,17.0
908,-2.022918337344186,2.955023168537138,6.765812358411493,45.0
909,0.6413091562975608,7.860553614339899,7.111603594067279,30.0
910,-0.012626757086941495,3.7245024843136982,3.430362843723395,28.0
911,-0.38727545126310564,4.455280711650843,2.2393558320364635,1.0
912,0.13683860105178414,3.6487815985031116,,
913,-0.047809802243189335,7.796656791718321,9.755659805395124,37.0
914,0.6985724158645782,1.0135307687096065,4.246026705872316,6.0
915,,19.883299812211984,4.1082453479247585,39.0
916,-0.49454584446509287,10.577553080925764,4.517178272917556,9.0
917,0.2159728758176746,2.556296707536302,4.614138875345237,12.0
918,0.7933673534274556,2.681502750999847,,
919,-0.09748466393173454,9.45217397439891,4.306944849517038,36.0
920,-0.04892229287716464,,8.823513406509134,24.0
921,1.2941852201904658,3.5480428099110606,6.951847302131181,29.0
922,0.04614477829014827,6.851631604278266,9.653913430204708,1.0
923,-1.4603191427560238,2.4550321008930314,6.745603679556257,35.0
924,0.07894506040135806,3.0258547280642216,,23.0
925,0.007567360655696969,0.1891268380495649,9.179795304673416,11.0
926,,0.7146202354524358,2.2979441737042814,4.0
927,0.23041868883538222,3.0685331477108098,9.649555327365865,14.0
928,,0.23369989680283026,0.43428994803612175,41.0
929,0.32743428354578585,1.8337215345471845,6.409405970851438,48.0
930,,2.8745462432084956,0.18249651019083157,45.0
931,2.26130984772548,,2.039737718496719,6.0
932,0.07204002603454128,0.3377848819577801,4.639752531998238,1.0
933,-1.0683214909827,0.08207191738812689,1.582730330381299,2.0
934,-1.4734184399869283,3.3210752106779013,9.888238397034502,3.0
935,0.46317123780109437,0.7940122292813007,7.7301249530497085,47.0
936,-0.3966429932505894,,8.508545545430737,15.0
937,0.29873502232680565,3.3956346623980527,9.790704584250385,26.0
938,2.1188437805258142,0.09559340226393312,6.747687049132979,21.0
939,,0.3042456002713256,2.665981834537509,2.0
940,1.0875569675665158,12.491996699108203,7.56953636466932,48.0
941,-0.9781595717499858,0.6638570394042596,5.843111370009536,16.0
942,0.261767811200015,7.080140542747648,2.674990574505535,21.0
943,-0.8525302780262105,1.4136148206541035,3.672844564592607,6.0
944,-1.1568194890738266,1.9398431085082488,,29.0
945,0.18909882766716185,0.12551682038388579,3.954544502991414,7.0
946,1.4829556706061087,,2.3513197777445938,
947,0.9668989589915309,3.146586783192131,4.299231929119781,6.0
948,2.720057722377321,6.83156740779319,2.3360087465299397,0.0
949,-0.05184367083779696,11.805803147566218,8.751105860045488,15.0
950,0.33939493991917385,3.9671452850846345,6.940736642627754,49.0
951,0.6650795779109999,15.210636175541485,3.7653750472854055,39.0
952,0.11441580839724158,,9.45440979936071,30.0
953,0.8873542727310375,2.112895823939055,3.889484594543662,38.0
954,-0.5399112731085679,8.855132630277607,5.744691849025144,26.0
955,-0.6919358414762622,4.029501849017281,5.118721192889164,9.0
956,,3.9590011316206715,1.219165304513543,33.0
957,-1.0080374707344917,3.0845044533420967,4.237919858355101,46.0
958,-1.6816095242161428,,0.7754561273824634,13.0
959,-0.15477385554157447,0.41875786087655353,1.7055131170063464,1.0
960,-2.2346619715955938,0.4688873979581914,7.8752826510777085,38.0
961,-0.4014105403067681,1.0502623347352424,3.026619244871558,21.0
962,-2.068134291968148,0.4951033505658844,0.8895588803755727,25.0
963,1.601225599290624,0.5636257164515222,7.189586695870633,43.0
964,-0.400104427400766,5.06525549995438,,
965,-2.811629892143023,0.6297846569540168,5.78077412177405,37.0
966,0.03078769964578218,3.127749367062293,9.156116327105073,
967,0.2656227803353575,0.32604944366187444,8.494426590508677,11.0
968,,,5.527128906880447,40.0
969,1.6130406308435783,12.908142231306673,7.370103948095949,43.0
970,0.589327392037044,0.15748854645673255,3.292418355864981,41.0
971,-0.24636951183853098,10.47630092000257,6.36284947194254,16.0
972,0.526918116734158,7.127447932587497,,24.0
973,1.5492467600520874,12.686231214361767,7.998724014011959,23.0
974,-1.2146310962401001,7.72930190252235,3.7453669230162214,10.0
975,,8.748646983457066,9.323659233370849,17.0
976,0.025201709691715733,,8.25136568108596,35.0
977,-1.6747494554565088,9.025626956526672,0.37221304676573697,2.0
978,0.28566956675813776,3.242026039783696,7.460049910609209,18.0
979,1.6470442579713669,2.1660761111092626,9.763992742986435,5.0
980,,0.8353406526954152,3.1770656307538356,22.0
981,-1.584137788462011,0.0033494631434377318,2.7533638724051244,39.0
982,0.8020487864227355,5.14490554122042,6.400670147600417,6.0
983,1.6436802133030335,6.473539437919288,1.1012199590114047,46.0
984,-2.7213068662896753,,6.749759177912739,43.0
985,0.5319964190794004,0.8970950883195485,2.2657954671754776,46.0
986,0.6473300040683142,0.7807307110295967,4.515310878850563,8.0
987,0.47762508671888426,0.9210433646343319,8.919702088455711,
988,0.23482800072863494,0.2892490041968226,7.967872393962336,46.0
989,0.11953073438061179,2.2286857189560894,1.0799201859641339,49.0
990,-0.2612705544644278,4.787665538046449,7.613844103206987,
991,1.4803620463821991,2.9629558891069556,4.117108299137799,47.0
992,0.09014020337766376,,9.944416921710014,46.0
993,2.4098240096961736,8.468162189170215,2.997361362716442,10.0
994,0.9467321515799132,1.6917635585086304,,2.0
995,0.11083085582682671,4.61506503730088,3.411777995410832,41.0
996,-0.9177883291362611,1.4097184158102811,,
997,0.5629155227766844,4.519222782088442,2.658757265646099,29.0
998,-0.8349245574470832,0.6943399607995909,9.126468235419823,7.0
999,-0.6573392062279086,5.328304015454959,6.169891245835606,36.0
